pathname,package,function,name,size
VUE.@babel.parser.CHANGELOG.md,@babel,parser,CHANGELOG,38238
VUE.@babel.parser.LICENSE,@babel,parser,LICENSE,1086
VUE.@babel.parser.README.md,@babel,parser,README,427
VUE.@babel.parser.bin,@babel,parser,bin,430
VUE.@babel.parser.bin.babel-parser.js,@babel,parser,bin,328
VUE.@babel.parser.lib,@babel,parser,lib,1840911
VUE.@babel.parser.lib.index.js,@babel,parser,lib,469611
VUE.@babel.parser.lib.index.js.map,@babel,parser,lib,1371164
VUE.@babel.parser.package.json,@babel,parser,package,1096
VUE.@babel.parser.typings,@babel,parser,typings,6202
VUE.@babel.parser.typings.babel-parser.d.ts,@babel,parser,typings,6100
VUE.@vitejs.plugin-vue.LICENSE,@vitejs,plugin-vue,LICENSE,1098
VUE.@vitejs.plugin-vue.README.md,@vitejs,plugin-vue,README,3916
VUE.@vitejs.plugin-vue.dist,@vitejs,plugin-vue,dist,171811
VUE.@vitejs.plugin-vue.dist.index.d.ts,@vitejs,plugin-vue,dist,2359
VUE.@vitejs.plugin-vue.dist.index.js,@vitejs,plugin-vue,dist,169316
VUE.@vitejs.plugin-vue.package.json,@vitejs,plugin-vue,package,1690
VUE.@vue.compiler-core.LICENSE,@vue,compiler-core,LICENSE,1091
VUE.@vue.compiler-core.README.md,@vue,compiler-core,README,21
VUE.@vue.compiler-core.dist,@vue,compiler-core,dist,690737
VUE.@vue.compiler-core.dist.compiler-core.cjs.js,@vue,compiler-core,dist,229320
VUE.@vue.compiler-core.dist.compiler-core.cjs.prod.js,@vue,compiler-core,dist,222231
VUE.@vue.compiler-core.dist.compiler-core.d.ts,@vue,compiler-core,dist,43752
VUE.@vue.compiler-core.dist.compiler-core.esm-bundler.js,@vue,compiler-core,dist,195230
VUE.@vue.compiler-core.index.js,@vue,compiler-core,index,191
VUE.@vue.compiler-core.package.json,@vue,compiler-core,package,950
VUE.@vue.compiler-dom.LICENSE,@vue,compiler-dom,LICENSE,1091
VUE.@vue.compiler-dom.README.md,@vue,compiler-dom,README,19
VUE.@vue.compiler-dom.dist,@vue,compiler-dom,dist,733324
VUE.@vue.compiler-dom.dist.compiler-dom.cjs.js,@vue,compiler-dom,dist,76849
VUE.@vue.compiler-dom.dist.compiler-dom.cjs.prod.js,@vue,compiler-dom,dist,74981
VUE.@vue.compiler-dom.dist.compiler-dom.d.ts,@vue,compiler-dom,dist,2147
VUE.@vue.compiler-dom.dist.compiler-dom.esm-browser.js,@vue,compiler-dom,dist,216060
VUE.@vue.compiler-dom.dist.compiler-dom.esm-browser.prod.js,@vue,compiler-dom,dist,56402
VUE.@vue.compiler-dom.dist.compiler-dom.esm-bundler.js,@vue,compiler-dom,dist,19313
VUE.@vue.compiler-dom.dist.compiler-dom.global.js,@vue,compiler-dom,dist,231014
VUE.@vue.compiler-dom.dist.compiler-dom.global.prod.js,@vue,compiler-dom,dist,56218
VUE.@vue.compiler-dom.index.js,@vue,compiler-dom,index,189
VUE.@vue.compiler-dom.package.json,@vue,compiler-dom,package,978
VUE.@vue.compiler-sfc.LICENSE,@vue,compiler-sfc,LICENSE,1091
VUE.@vue.compiler-sfc.README.md,@vue,compiler-sfc,README,4434
VUE.@vue.compiler-sfc.dist,@vue,compiler-sfc,dist,2037261
VUE.@vue.compiler-sfc.dist.compiler-sfc.cjs.js,@vue,compiler-sfc,dist,504725
VUE.@vue.compiler-sfc.dist.compiler-sfc.d.ts,@vue,compiler-sfc,dist,10104
VUE.@vue.compiler-sfc.dist.compiler-sfc.esm-browser.js,@vue,compiler-sfc,dist,1522262
VUE.@vue.compiler-sfc.package.json,@vue,compiler-sfc,package,1492
VUE.@vue.compiler-ssr.LICENSE,@vue,compiler-ssr,LICENSE,1091
VUE.@vue.compiler-ssr.README.md,@vue,compiler-ssr,README,19
VUE.@vue.compiler-ssr.dist,@vue,compiler-ssr,dist,52315
VUE.@vue.compiler-ssr.dist.compiler-ssr.cjs.js,@vue,compiler-ssr,dist,51963
VUE.@vue.compiler-ssr.dist.compiler-ssr.d.ts,@vue,compiler-ssr,dist,216
VUE.@vue.compiler-ssr.package.json,@vue,compiler-ssr,package,729
VUE.@vue.reactivity.LICENSE,@vue,reactivity,LICENSE,1091
VUE.@vue.reactivity.README.md,@vue,reactivity,README,1049
VUE.@vue.reactivity.dist,@vue,reactivity,dist,245230
VUE.@vue.reactivity.dist.reactivity.cjs.js,@vue,reactivity,dist,41403
VUE.@vue.reactivity.dist.reactivity.cjs.prod.js,@vue,reactivity,dist,38466
VUE.@vue.reactivity.dist.reactivity.d.ts,@vue,reactivity,dist,11757
VUE.@vue.reactivity.dist.reactivity.esm-browser.js,@vue,reactivity,dist,42343
VUE.@vue.reactivity.dist.reactivity.esm-browser.prod.js,@vue,reactivity,dist,11647
VUE.@vue.reactivity.dist.reactivity.esm-bundler.js,@vue,reactivity,dist,41895
VUE.@vue.reactivity.dist.reactivity.global.js,@vue,reactivity,dist,45767
VUE.@vue.reactivity.dist.reactivity.global.prod.js,@vue,reactivity,dist,11612
VUE.@vue.reactivity.index.js,@vue,reactivity,index,185
VUE.@vue.reactivity.package.json,@vue,reactivity,package,905
VUE.@vue.reactivity-transform.README.md,@vue,reactivity-transform,README,3014
VUE.@vue.reactivity-transform.dist,@vue,reactivity-transform,dist,22970
VUE.@vue.reactivity-transform.dist.reactivity-transform.cjs.js,@vue,reactivity-transform,dist,21827
VUE.@vue.reactivity-transform.dist.reactivity-transform.d.ts,@vue,reactivity-transform,dist,1007
VUE.@vue.reactivity-transform.package.json,@vue,reactivity-transform,package,959
VUE.@vue.runtime-core.LICENSE,@vue,runtime-core,LICENSE,1091
VUE.@vue.runtime-core.README.md,@vue,runtime-core,README,790
VUE.@vue.runtime-core.dist,@vue,runtime-core,dist,949220
VUE.@vue.runtime-core.dist.runtime-core.cjs.js,@vue,runtime-core,dist,306756
VUE.@vue.runtime-core.dist.runtime-core.cjs.prod.js,@vue,runtime-core,dist,246061
VUE.@vue.runtime-core.dist.runtime-core.d.ts,@vue,runtime-core,dist,81656
VUE.@vue.runtime-core.dist.runtime-core.esm-bundler.js,@vue,runtime-core,dist,314543
VUE.@vue.runtime-core.index.js,@vue,runtime-core,index,189
VUE.@vue.runtime-core.package.json,@vue,runtime-core,package,831
VUE.@vue.runtime-dom.LICENSE,@vue,runtime-dom,LICENSE,1091
VUE.@vue.runtime-dom.README.md,@vue,runtime-dom,README,198
VUE.@vue.runtime-dom.dist,@vue,runtime-dom,dist,1229203
VUE.@vue.runtime-dom.dist.runtime-dom.cjs.js,@vue,runtime-dom,dist,60141
VUE.@vue.runtime-dom.dist.runtime-dom.cjs.prod.js,@vue,runtime-dom,dist,55312
VUE.@vue.runtime-dom.dist.runtime-dom.d.ts,@vue,runtime-dom,dist,43204
VUE.@vue.runtime-dom.dist.runtime-dom.esm-browser.js,@vue,runtime-dom,dist,407976
VUE.@vue.runtime-dom.dist.runtime-dom.esm-browser.prod.js,@vue,runtime-dom,dist,84400
VUE.@vue.runtime-dom.dist.runtime-dom.esm-bundler.js,@vue,runtime-dom,dist,61658
VUE.@vue.runtime-dom.dist.runtime-dom.global.js,@vue,runtime-dom,dist,432395
VUE.@vue.runtime-dom.dist.runtime-dom.global.prod.js,@vue,runtime-dom,dist,83777
VUE.@vue.runtime-dom.index.js,@vue,runtime-dom,index,187
VUE.@vue.runtime-dom.package.json,@vue,runtime-dom,package,929
VUE.@vue.server-renderer.LICENSE,@vue,server-renderer,LICENSE,1091
VUE.@vue.server-renderer.README.md,@vue,server-renderer,README,3881
VUE.@vue.server-renderer.dist,@vue,server-renderer,dist,107779
VUE.@vue.server-renderer.dist.server-renderer.cjs.js,@vue,server-renderer,dist,38124
VUE.@vue.server-renderer.dist.server-renderer.cjs.prod.js,@vue,server-renderer,dist,29033
VUE.@vue.server-renderer.dist.server-renderer.d.ts,@vue,server-renderer,dist,4253
VUE.@vue.server-renderer.dist.server-renderer.esm-bundler.js,@vue,server-renderer,dist,36165
VUE.@vue.server-renderer.index.js,@vue,server-renderer,index,195
VUE.@vue.server-renderer.package.json,@vue,server-renderer,package,879
VUE.@vue.shared.LICENSE,@vue,shared,LICENSE,1091
VUE.@vue.shared.README.md,@vue,shared,README,87
VUE.@vue.shared.dist,@vue,shared,dist,86494
VUE.@vue.shared.dist.shared.cjs.js,@vue,shared,dist,25270
VUE.@vue.shared.dist.shared.cjs.prod.js,@vue,shared,dist,25236
VUE.@vue.shared.dist.shared.d.ts,@vue,shared,dist,11715
VUE.@vue.shared.dist.shared.esm-bundler.js,@vue,shared,dist,24069
VUE.@vue.shared.index.js,@vue,shared,index,177
VUE.@vue.shared.package.json,@vue,shared,package,710
VUE.csstype.README.md,csstype,README,md,9026
VUE.csstype.index.d.ts,csstype,index,d,1651497
VUE.csstype.index.js.flow,csstype,index,js,290240
VUE.csstype.package.json,csstype,package,json,1928
VUE.esbuild.README.md,esbuild,README,md,175
VUE.esbuild.bin.esbuild,esbuild,bin,esbuild,8513536
VUE.esbuild.install.js,esbuild,install,js,9428
VUE.esbuild.lib.main.d.ts,esbuild,lib,main,17724
VUE.esbuild.lib.main.js,esbuild,lib,main,82131
VUE.esbuild.package.json,esbuild,package,json,1179
VUE.esbuild-darwin-64.README.md,esbuild-darwin-64,README,md,141
VUE.esbuild-darwin-64.bin.esbuild,esbuild-darwin-64,bin,esbuild,8513536
VUE.esbuild-darwin-64.package.json,esbuild-darwin-64,package,json,330
VUE.estree-walker.CHANGELOG.md,estree-walker,CHANGELOG,md,1548
VUE.estree-walker.README.md,estree-walker,README,md,1623
VUE.estree-walker.dist.esm,estree-walker,dist,esm,7311
VUE.estree-walker.dist.esm.estree-walker.js,estree-walker,dist,esm,7158
VUE.estree-walker.dist.esm.package.json,estree-walker,dist,esm,17
VUE.estree-walker.dist.umd,estree-walker,dist,umd,7930
VUE.estree-walker.dist.umd.estree-walker.js,estree-walker,dist,umd,7828
VUE.estree-walker.package.json,estree-walker,package,json,848
VUE.estree-walker.src.async.js,estree-walker,src,async,2712
VUE.estree-walker.src.index.js,estree-walker,src,index,842
VUE.estree-walker.src.package.json,estree-walker,src,package,18
VUE.estree-walker.src.sync.js,estree-walker,src,sync,2659
VUE.estree-walker.src.walker.js,estree-walker,src,walker,1114
VUE.estree-walker.types.async.d.ts,estree-walker,types,async,1939
VUE.estree-walker.types.index.d.ts,estree-walker,types,index,2242
VUE.estree-walker.types.sync.d.ts,estree-walker,types,sync,1879
VUE.estree-walker.types.tsconfig.tsbuildinfo,estree-walker,types,tsconfig,15666
VUE.estree-walker.types.walker.d.ts,estree-walker,types,walker,1024
VUE.fsevents.README.md,fsevents,README,md,2958
VUE.fsevents.fsevents.d.ts,fsevents,fsevents,d,1431
VUE.fsevents.fsevents.js,fsevents,fsevents,js,2424
VUE.fsevents.fsevents.node,fsevents,fsevents,node,147128
VUE.fsevents.package.json,fsevents,package,json,1348
VUE.function-bind.README.md,function-bind,README,md,1488
VUE.function-bind.implementation.js,function-bind,implementation,js,1463
VUE.function-bind.index.js,function-bind,index,js,126
VUE.function-bind.package.json,function-bind,package,json,1498
VUE.function-bind.test.index.js,function-bind,test,index,8991
VUE.has.README.md,has,README,md,239
VUE.has.package.json,has,package,json,1011
VUE.has.src.index.js,has,src,index,129
VUE.has.test.index.js,has,test,index,331
VUE.is-core-module.CHANGELOG.md,is-core-module,CHANGELOG,md,10629
VUE.is-core-module.README.md,is-core-module,README,md,1659
VUE.is-core-module.core.json,is-core-module,core,json,5492
VUE.is-core-module.index.js,is-core-module,index,js,1757
VUE.is-core-module.package.json,is-core-module,package,json,1680
VUE.is-core-module.test.index.js,is-core-module,test,index,4076
VUE.magic-string.README.md,magic-string,README,md,9313
VUE.magic-string.dist.magic-string.cjs.js,magic-string,dist,magic-string,33911
VUE.magic-string.dist.magic-string.cjs.js.map,magic-string,dist,magic-string,80859
VUE.magic-string.dist.magic-string.es.js,magic-string,dist,magic-string,33714
VUE.magic-string.dist.magic-string.es.js.map,magic-string,dist,magic-string,80361
VUE.magic-string.dist.magic-string.umd.js,magic-string,dist,magic-string,37176
VUE.magic-string.dist.magic-string.umd.js.map,magic-string,dist,magic-string,87487
VUE.magic-string.index.d.ts,magic-string,index,d,7678
VUE.magic-string.package.json,magic-string,package,json,1506
VUE.nanoid.README.md,nanoid,README,md,1557
VUE.nanoid.async.index.browser.cjs,nanoid,async,index,983
VUE.nanoid.async.index.browser.js,nanoid,async,index,973
VUE.nanoid.async.index.cjs,nanoid,async,index,993
VUE.nanoid.async.index.d.ts,nanoid,async,index,1505
VUE.nanoid.async.index.js,nanoid,async,index,976
VUE.nanoid.async.index.native.js,nanoid,async,index,814
VUE.nanoid.async.package.json,nanoid,async,package,233
VUE.nanoid.bin.nanoid.cjs,nanoid,bin,nanoid,1129
VUE.nanoid.index.browser.cjs,nanoid,index,browser,1074
VUE.nanoid.index.browser.js,nanoid,index,browser,1060
VUE.nanoid.index.cjs,nanoid,index,cjs,1343
VUE.nanoid.index.d.ts,nanoid,index,d,2252
VUE.nanoid.index.js,nanoid,index,js,1326
VUE.nanoid.nanoid.js,nanoid,nanoid,js,169
VUE.nanoid.non-secure.index.cjs,nanoid,non-secure,index,499
VUE.nanoid.non-secure.index.d.ts,nanoid,non-secure,index,983
VUE.nanoid.non-secure.index.js,nanoid,non-secure,index,489
VUE.nanoid.non-secure.package.json,nanoid,non-secure,package,99
VUE.nanoid.package.json,nanoid,package,json,1702
VUE.nanoid.url-alphabet.index.cjs,nanoid,url-alphabet,index,120
VUE.nanoid.url-alphabet.index.js,nanoid,url-alphabet,index,110
VUE.nanoid.url-alphabet.package.json,nanoid,url-alphabet,package,99
VUE.path-parse.README.md,path-parse,README,md,871
VUE.path-parse.index.js,path-parse,index,js,1893
VUE.path-parse.package.json,path-parse,package,json,667
VUE.picocolors.README.md,picocolors,README,md,622
VUE.picocolors.package.json,picocolors,package,json,550
VUE.picocolors.picocolors.browser.js,picocolors,picocolors,browser,360
VUE.picocolors.picocolors.d.ts,picocolors,picocolors,d,138
VUE.picocolors.picocolors.js,picocolors,picocolors,js,2594
VUE.picocolors.types.ts,picocolors,types,ts,610
VUE.postcss.README.md,postcss,README,md,1965
VUE.postcss.lib.at-rule.d.ts,postcss,lib,at-rule,2498
VUE.postcss.lib.at-rule.js,postcss,lib,at-rule,471
VUE.postcss.lib.comment.d.ts,postcss,lib,comment,1376
VUE.postcss.lib.comment.js,postcss,lib,comment,203
VUE.postcss.lib.container.d.ts,postcss,lib,container,12590
VUE.postcss.lib.container.js,postcss,lib,container,10228
VUE.postcss.lib.css-syntax-error.d.ts,postcss,lib,css-syntax-error,6223
VUE.postcss.lib.css-syntax-error.js,postcss,lib,css-syntax-error,2524
VUE.postcss.lib.declaration.d.ts,postcss,lib,declaration,3059
VUE.postcss.lib.declaration.js,postcss,lib,declaration,495
VUE.postcss.lib.document.d.ts,postcss,lib,document,1524
VUE.postcss.lib.document.js,postcss,lib,document,654
VUE.postcss.lib.fromJSON.d.ts,postcss,lib,fromJSON,107
VUE.postcss.lib.fromJSON.js,postcss,lib,fromJSON,1506
VUE.postcss.lib.input.d.ts,postcss,lib,input,3466
VUE.postcss.lib.input.js,postcss,lib,input,6189
VUE.postcss.lib.lazy-result.d.ts,postcss,lib,lazy-result,4630
VUE.postcss.lib.lazy-result.js,postcss,lib,lazy-result,13562
VUE.postcss.lib.list.d.ts,postcss,lib,list,1262
VUE.postcss.lib.list.js,postcss,lib,list,1167
VUE.postcss.lib.map-generator.js,postcss,lib,map-generator,8786
VUE.postcss.lib.no-work-result.d.ts,postcss,lib,no-work-result,1323
VUE.postcss.lib.no-work-result.js,postcss,lib,no-work-result,2551
VUE.postcss.lib.node.d.ts,postcss,lib,node,12457
VUE.postcss.lib.node.js,postcss,lib,node,8485
VUE.postcss.lib.parse.d.ts,postcss,lib,parse,89
VUE.postcss.lib.parse.js,postcss,lib,parse,1147
VUE.postcss.lib.parser.js,postcss,lib,parser,14482
VUE.postcss.lib.postcss.d.ts,postcss,lib,postcss,11357
VUE.postcss.lib.postcss.js,postcss,lib,postcss,2786
VUE.postcss.lib.postcss.mjs,postcss,lib,postcss,980
VUE.postcss.lib.previous-map.d.ts,postcss,lib,previous-map,1618
VUE.postcss.lib.previous-map.js,postcss,lib,previous-map,3923
VUE.postcss.lib.processor.d.ts,postcss,lib,processor,3012
VUE.postcss.lib.processor.js,postcss,lib,processor,1810
VUE.postcss.lib.result.d.ts,postcss,lib,result,4115
VUE.postcss.lib.result.js,postcss,lib,result,745
VUE.postcss.lib.root.d.ts,postcss,lib,root,1856
VUE.postcss.lib.root.js,postcss,lib,root,1209
VUE.postcss.lib.rule.d.ts,postcss,lib,rule,2395
VUE.postcss.lib.rule.js,postcss,lib,rule,569
VUE.postcss.lib.stringifier.d.ts,postcss,lib,stringifier,1202
VUE.postcss.lib.stringifier.js,postcss,lib,stringifier,8220
VUE.postcss.lib.stringify.d.ts,postcss,lib,stringify,107
VUE.postcss.lib.stringify.js,postcss,lib,stringify,213
VUE.postcss.lib.symbols.js,postcss,lib,symbols,91
VUE.postcss.lib.terminal-highlight.js,postcss,lib,terminal-highlight,1399
VUE.postcss.lib.tokenize.js,postcss,lib,tokenize,6536
VUE.postcss.lib.warn-once.js,postcss,lib,warn-once,256
VUE.postcss.lib.warning.d.ts,postcss,lib,warning,2735
VUE.postcss.lib.warning.js,postcss,lib,warning,739
VUE.postcss.package.json,postcss,package,json,2450
VUE.resolve.SECURITY.md,resolve,SECURITY,md,157
VUE.resolve.appveyor.yml,resolve,appveyor,yml,2768
VUE.resolve.async.js,resolve,async,js,56
VUE.resolve.bin.resolve,resolve,bin,resolve,1473
VUE.resolve.example.async.js,resolve,example,async,155
VUE.resolve.example.sync.js,resolve,example,sync,103
VUE.resolve.index.js,resolve,index,js,174
VUE.resolve.lib.async.js,resolve,lib,async,11359
VUE.resolve.lib.caller.js,resolve,lib,caller,354
VUE.resolve.lib.core.js,resolve,lib,core,1653
VUE.resolve.lib.core.json,resolve,lib,core,5469
VUE.resolve.lib.homedir.js,resolve,lib,homedir,805
VUE.resolve.lib.is-core.js,resolve,lib,is-core,116
VUE.resolve.lib.node-modules-paths.js,resolve,lib,node-modules-paths,1294
VUE.resolve.lib.normalize-options.js,resolve,lib,normalize-options,348
VUE.resolve.lib.sync.js,resolve,lib,sync,6993
VUE.resolve.package.json,resolve,package,json,1765
VUE.resolve.readme.markdown,resolve,readme,markdown,11504
VUE.resolve.sync.js,resolve,sync,js,55
VUE.resolve.test.core.js,resolve,test,core,2671
VUE.resolve.test.dotdot,resolve,test,dotdot,306
VUE.resolve.test.dotdot.abc,resolve,test,dotdot,141
VUE.resolve.test.dotdot.abc.index.js,resolve,test,dotdot,39
VUE.resolve.test.dotdot.index.js,resolve,test,dotdot,29
VUE.resolve.test.dotdot.js,resolve,test,dotdot,799
VUE.resolve.test.faulty_basedir.js,resolve,test,faulty_basedir,807
VUE.resolve.test.filter.js,resolve,test,filter,1045
VUE.resolve.test.filter_sync.js,resolve,test,filter_sync,1427
VUE.resolve.test.home_paths.js,resolve,test,home_paths,4472
VUE.resolve.test.home_paths_sync.js,resolve,test,home_paths_sync,3797
VUE.resolve.test.mock.js,resolve,test,mock,10012
VUE.resolve.test.mock_sync.js,resolve,test,mock_sync,6047
VUE.resolve.test.module_dir,resolve,test,module_dir,993
VUE.resolve.test.module_dir.xmodules,resolve,test,module_dir,255
VUE.resolve.test.module_dir.xmodules.aaa,resolve,test,module_dir,153
VUE.resolve.test.module_dir.xmodules.aaa.index.js,resolve,test,module_dir,51
VUE.resolve.test.module_dir.ymodules,resolve,test,module_dir,255
VUE.resolve.test.module_dir.ymodules.aaa,resolve,test,module_dir,153
VUE.resolve.test.module_dir.ymodules.aaa.index.js,resolve,test,module_dir,51
VUE.resolve.test.module_dir.zmodules,resolve,test,module_dir,313
VUE.resolve.test.module_dir.zmodules.bbb,resolve,test,module_dir,211
VUE.resolve.test.module_dir.zmodules.bbb.main.js,resolve,test,module_dir,51
VUE.resolve.test.module_dir.zmodules.bbb.package.json,resolve,test,module_dir,24
VUE.resolve.test.module_dir.js,resolve,test,module_dir,1558
VUE.resolve.test.node-modules-paths.js,resolve,test,node-modules-paths,5101
VUE.resolve.test.node_path,resolve,test,node_path,905
VUE.resolve.test.node_path.x,resolve,test,node_path,384
VUE.resolve.test.node_path.x.aaa,resolve,test,node_path,124
VUE.resolve.test.node_path.x.aaa.index.js,resolve,test,node_path,22
VUE.resolve.test.node_path.x.ccc,resolve,test,node_path,124
VUE.resolve.test.node_path.x.ccc.index.js,resolve,test,node_path,22
VUE.resolve.test.node_path.y,resolve,test,node_path,385
VUE.resolve.test.node_path.y.bbb,resolve,test,node_path,124
VUE.resolve.test.node_path.y.bbb.index.js,resolve,test,node_path,22
VUE.resolve.test.node_path.y.ccc,resolve,test,node_path,125
VUE.resolve.test.node_path.y.ccc.index.js,resolve,test,node_path,23
VUE.resolve.test.node_path.js,resolve,test,node_path,2128
VUE.resolve.test.nonstring.js,resolve,test,nonstring,182
VUE.resolve.test.pathfilter,resolve,test,pathfilter,204
VUE.resolve.test.pathfilter.deep_ref,resolve,test,pathfilter,102
VUE.resolve.test.pathfilter.deep_ref.main.js,resolve,test,pathfilter,0
VUE.resolve.test.pathfilter.js,resolve,test,pathfilter,2248
VUE.resolve.test.precedence,resolve,test,precedence,587
VUE.resolve.test.precedence.aaa,resolve,test,precedence,189
VUE.resolve.test.precedence.aaa.index.js,resolve,test,precedence,25
VUE.resolve.test.precedence.aaa.main.js,resolve,test,precedence,28
VUE.resolve.test.precedence.aaa.js,resolve,test,precedence,24
VUE.resolve.test.precedence.bbb,resolve,test,precedence,146
VUE.resolve.test.precedence.bbb.main.js,resolve,test,precedence,44
VUE.resolve.test.precedence.bbb.js,resolve,test,precedence,24
VUE.resolve.test.precedence.js,resolve,test,precedence,646
VUE.resolve.test.resolver,resolve,test,resolver,8645
VUE.resolve.test.resolver.baz,resolve,test,resolver,235
VUE.resolve.test.resolver.baz.doom.js,resolve,test,resolver,0
VUE.resolve.test.resolver.baz.package.json,resolve,test,resolver,45
VUE.resolve.test.resolver.baz.quux.js,resolve,test,resolver,20
VUE.resolve.test.resolver.browser_field,resolve,test,resolver,233
VUE.resolve.test.resolver.browser_field.a.js,resolve,test,resolver,0
VUE.resolve.test.resolver.browser_field.b.js,resolve,test,resolver,0
VUE.resolve.test.resolver.browser_field.package.json,resolve,test,resolver,63
VUE.resolve.test.resolver.cup.coffee,resolve,test,resolver,1
VUE.resolve.test.resolver.dot_main,resolve,test,resolver,176
VUE.resolve.test.resolver.dot_main.index.js,resolve,test,resolver,20
VUE.resolve.test.resolver.dot_main.package.json,resolve,test,resolver,20
VUE.resolve.test.resolver.dot_slash_main,resolve,test,resolver,177
VUE.resolve.test.resolver.dot_slash_main.index.js,resolve,test,resolver,20
VUE.resolve.test.resolver.dot_slash_main.package.json,resolve,test,resolver,21
VUE.resolve.test.resolver.foo.js,resolve,test,resolver,20
VUE.resolve.test.resolver.incorrect_main,resolve,test,resolver,279
VUE.resolve.test.resolver.incorrect_main.index.js,resolve,test,resolver,116
VUE.resolve.test.resolver.incorrect_main.package.json,resolve,test,resolver,27
VUE.resolve.test.resolver.invalid_main,resolve,test,resolver,195
VUE.resolve.test.resolver.invalid_main.package.json,resolve,test,resolver,93
VUE.resolve.test.resolver.malformed_package_json,resolve,test,resolver,138
VUE.resolve.test.resolver.malformed_package_json.index.js,resolve,test,resolver,0
VUE.resolve.test.resolver.malformed_package_json.package.json,resolve,test,resolver,2
VUE.resolve.test.resolver.mug.coffee,resolve,test,resolver,0
VUE.resolve.test.resolver.mug.js,resolve,test,resolver,0
VUE.resolve.test.resolver.multirepo,resolve,test,resolver,2902
VUE.resolve.test.resolver.multirepo.lerna.json,resolve,test,resolver,63
VUE.resolve.test.resolver.multirepo.package.json,resolve,test,resolver,380
VUE.resolve.test.resolver.multirepo.packages,resolve,test,resolver,2289
VUE.resolve.test.resolver.multirepo.packages.package-a,resolve,test,resolver,1736
VUE.resolve.test.resolver.multirepo.packages.package-a.index.js,resolve,test,resolver,1319
VUE.resolve.test.resolver.multirepo.packages.package-a.package.json,resolve,test,resolver,281
VUE.resolve.test.resolver.multirepo.packages.package-b,resolve,test,resolver,417
VUE.resolve.test.resolver.multirepo.packages.package-b.index.js,resolve,test,resolver,0
VUE.resolve.test.resolver.multirepo.packages.package-b.package.json,resolve,test,resolver,281
VUE.resolve.test.resolver.nested_symlinks,resolve,test,resolver,1995
VUE.resolve.test.resolver.nested_symlinks.mylib,resolve,test,resolver,1893
VUE.resolve.test.resolver.nested_symlinks.mylib.async.js,resolve,test,resolver,858
VUE.resolve.test.resolver.nested_symlinks.mylib.package.json,resolve,test,resolver,259
VUE.resolve.test.resolver.nested_symlinks.mylib.sync.js,resolve,test,resolver,606
VUE.resolve.test.resolver.other_path,resolve,test,resolver,238
VUE.resolve.test.resolver.other_path.lib,resolve,test,resolver,102
VUE.resolve.test.resolver.other_path.lib.other-lib.js,resolve,test,resolver,0
VUE.resolve.test.resolver.other_path.root.js,resolve,test,resolver,0
VUE.resolve.test.resolver.quux,resolve,test,resolver,224
VUE.resolve.test.resolver.quux.foo,resolve,test,resolver,122
VUE.resolve.test.resolver.quux.foo.index.js,resolve,test,resolver,20
VUE.resolve.test.resolver.same_names,resolve,test,resolver,279
VUE.resolve.test.resolver.same_names.foo,resolve,test,resolver,122
VUE.resolve.test.resolver.same_names.foo.index.js,resolve,test,resolver,20
VUE.resolve.test.resolver.same_names.foo.js,resolve,test,resolver,21
VUE.resolve.test.resolver.symlinked,resolve,test,resolver,660
VUE.resolve.test.resolver.symlinked._,resolve,test,resolver,340
VUE.resolve.test.resolver.symlinked._.node_modules,resolve,test,resolver,102
VUE.resolve.test.resolver.symlinked._.node_modules.foo.js,resolve,test,resolver,0
VUE.resolve.test.resolver.symlinked._.symlink_target,resolve,test,resolver,102
VUE.resolve.test.resolver.symlinked.package,resolve,test,resolver,184
VUE.resolve.test.resolver.symlinked.package.bar.js,resolve,test,resolver,24
VUE.resolve.test.resolver.symlinked.package.package.json,resolve,test,resolver,24
VUE.resolve.test.resolver.without_basedir,resolve,test,resolver,213
VUE.resolve.test.resolver.without_basedir.main.js,resolve,test,resolver,111
VUE.resolve.test.resolver.js,resolve,test,resolver,18556
VUE.resolve.test.resolver_sync.js,resolve,test,resolver_sync,18010
VUE.resolve.test.shadowed_core,resolve,test,shadowed_core,306
VUE.resolve.test.shadowed_core.node_modules,resolve,test,shadowed_core,204
VUE.resolve.test.shadowed_core.node_modules.util,resolve,test,shadowed_core,102
VUE.resolve.test.shadowed_core.node_modules.util.index.js,resolve,test,shadowed_core,0
VUE.resolve.test.shadowed_core.js,resolve,test,shadowed_core,1814
VUE.resolve.test.subdirs.js,resolve,test,subdirs,353
VUE.resolve.test.symlinks.js,resolve,test,symlinks,6535
VUE.rollup.CHANGELOG.md,rollup,CHANGELOG,md,242619
VUE.rollup.LICENSE.md,rollup,LICENSE,md,35412
VUE.rollup.README.md,rollup,README,md,8835
VUE.rollup.dist.bin,rollup,dist,bin,73465
VUE.rollup.dist.bin.rollup,rollup,dist,bin,73363
VUE.rollup.dist.es,rollup,dist,es,1419210
VUE.rollup.dist.es.package.json,rollup,dist,es,17
VUE.rollup.dist.es.rollup.browser.js,rollup,dist,es,395242
VUE.rollup.dist.es.rollup.js,rollup,dist,es,373
VUE.rollup.dist.es.shared,rollup,dist,es,1023374
VUE.rollup.dist.es.shared.rollup.js,rollup,dist,es,884933
VUE.rollup.dist.es.shared.watch.js,rollup,dist,es,138305
VUE.rollup.dist.loadConfigFile.js,rollup,dist,loadConfigFile,578
VUE.rollup.dist.rollup.browser.js,rollup,dist,rollup,394586
VUE.rollup.dist.rollup.browser.js.map,rollup,dist,rollup,3298388
VUE.rollup.dist.rollup.d.ts,rollup,dist,rollup,26978
VUE.rollup.dist.rollup.js,rollup,dist,rollup,649
VUE.rollup.dist.shared,rollup,dist,shared,1066835
VUE.rollup.dist.shared.index.js,rollup,dist,shared,121328
VUE.rollup.dist.shared.loadConfigFile.js,rollup,dist,shared,24436
VUE.rollup.dist.shared.mergeOptions.js,rollup,dist,shared,8170
VUE.rollup.dist.shared.rollup.js,rollup,dist,shared,886672
VUE.rollup.dist.shared.watch-cli.js,rollup,dist,shared,15885
VUE.rollup.dist.shared.watch.js,rollup,dist,shared,10072
VUE.rollup.package.json,rollup,package,json,5460
VUE.source-map.CHANGELOG.md,source-map,CHANGELOG,md,7884
VUE.source-map.README.md,source-map,README,md,24072
VUE.source-map.dist.source-map.debug.js,source-map,dist,source-map,272874
VUE.source-map.dist.source-map.js,source-map,dist,source-map,106973
VUE.source-map.dist.source-map.min.js,source-map,dist,source-map,27111
VUE.source-map.dist.source-map.min.js.map,source-map,dist,source-map,257409
VUE.source-map.lib.array-set.js,source-map,lib,array-set,3197
VUE.source-map.lib.base64-vlq.js,source-map,lib,base64-vlq,4714
VUE.source-map.lib.base64.js,source-map,lib,base64,1540
VUE.source-map.lib.binary-search.js,source-map,lib,binary-search,4249
VUE.source-map.lib.mapping-list.js,source-map,lib,mapping-list,2339
VUE.source-map.lib.quick-sort.js,source-map,lib,quick-sort,3616
VUE.source-map.lib.source-map-consumer.js,source-map,lib,source-map-consumer,40562
VUE.source-map.lib.source-map-generator.js,source-map,lib,source-map-generator,14356
VUE.source-map.lib.source-node.js,source-map,lib,source-node,13808
VUE.source-map.lib.util.js,source-map,lib,util,12950
VUE.source-map.package.json,source-map,package,json,2579
VUE.source-map.source-map.d.ts,source-map,source-map,d,3060
VUE.source-map.source-map.js,source-map,source-map,js,405
VUE.source-map-js.CHANGELOG.md,source-map-js,CHANGELOG,md,8606
VUE.source-map-js.README.md,source-map-js,README,md,25736
VUE.source-map-js.lib.array-set.js,source-map-js,lib,array-set,3197
VUE.source-map-js.lib.base64-vlq.js,source-map-js,lib,base64-vlq,4714
VUE.source-map-js.lib.base64.js,source-map-js,lib,base64,1540
VUE.source-map-js.lib.binary-search.js,source-map-js,lib,binary-search,4249
VUE.source-map-js.lib.mapping-list.js,source-map-js,lib,mapping-list,2339
VUE.source-map-js.lib.quick-sort.js,source-map-js,lib,quick-sort,4068
VUE.source-map-js.lib.source-map-consumer.js,source-map-js,lib,source-map-consumer,41482
VUE.source-map-js.lib.source-map-generator.js,source-map-js,lib,source-map-generator,14356
VUE.source-map-js.lib.source-node.js,source-map-js,lib,source-node,13808
VUE.source-map-js.lib.util.js,source-map-js,lib,util,15403
VUE.source-map-js.package.json,source-map-js,package,json,2548
VUE.source-map-js.source-map.d.ts,source-map-js,source-map,d,3854
VUE.source-map-js.source-map.js,source-map-js,source-map,js,405
VUE.sourcemap-codec.CHANGELOG.md,sourcemap-codec,CHANGELOG,md,1249
VUE.sourcemap-codec.README.md,sourcemap-codec,README,md,1835
VUE.sourcemap-codec.dist.sourcemap-codec.es.js,sourcemap-codec,dist,sourcemap-codec,4200
VUE.sourcemap-codec.dist.sourcemap-codec.es.js.map,sourcemap-codec,dist,sourcemap-codec,8249
VUE.sourcemap-codec.dist.sourcemap-codec.umd.js,sourcemap-codec,dist,sourcemap-codec,4717
VUE.sourcemap-codec.dist.sourcemap-codec.umd.js.map,sourcemap-codec,dist,sourcemap-codec,8286
VUE.sourcemap-codec.dist.types,sourcemap-codec,dist,types,479
VUE.sourcemap-codec.dist.types.sourcemap-codec.d.ts,sourcemap-codec,dist,types,377
VUE.sourcemap-codec.package.json,sourcemap-codec,package,json,1817
VUE.supports-preserve-symlinks-flag.CHANGELOG.md,supports-preserve-symlinks-flag,CHANGELOG,md,1989
VUE.supports-preserve-symlinks-flag.README.md,supports-preserve-symlinks-flag,README,md,2287
VUE.supports-preserve-symlinks-flag.browser.js,supports-preserve-symlinks-flag,browser,js,38
VUE.supports-preserve-symlinks-flag.index.js,supports-preserve-symlinks-flag,index,js,293
VUE.supports-preserve-symlinks-flag.package.json,supports-preserve-symlinks-flag,package,json,1895
VUE.supports-preserve-symlinks-flag.test.index.js,supports-preserve-symlinks-flag,test,index,737
VUE.vite.LICENSE.md,vite,LICENSE,md,182935
VUE.vite.README.md,vite,README,md,1164
VUE.vite.bin.openChrome.applescript,vite,bin,openChrome,2356
VUE.vite.bin.vite.js,vite,bin,vite,1593
VUE.vite.client.d.ts,vite,client,d,3720
VUE.vite.dist.client,vite,dist,client,54155
VUE.vite.dist.client.client.mjs,vite,dist,client,18416
VUE.vite.dist.client.client.mjs.map,vite,dist,client,33073
VUE.vite.dist.client.env.mjs,vite,dist,client,776
VUE.vite.dist.client.env.mjs.map,vite,dist,client,1686
VUE.vite.dist.node,vite,dist,node,4260268
VUE.vite.dist.node.chunks,vite,dist,node,3086039
VUE.vite.dist.node.chunks.dep-2056ae8a.js,vite,dist,node,12828
VUE.vite.dist.node.chunks.dep-59dc6e00.js,vite,dist,node,1937821
VUE.vite.dist.node.chunks.dep-739cc694.js,vite,dist,node,300323
VUE.vite.dist.node.chunks.dep-a9015192.js,vite,dist,node,22032
VUE.vite.dist.node.chunks.dep-ac1ae66b.js,vite,dist,node,590724
VUE.vite.dist.node.chunks.dep-d2c728c0.js,vite,dist,node,222039
VUE.vite.dist.node.cli.js,vite,dist,node,25563
VUE.vite.dist.node.index.d.ts,vite,dist,node,99386
VUE.vite.dist.node.index.js,vite,dist,node,5751
VUE.vite.dist.node.terser.js,vite,dist,node,1043291
VUE.vite.package.json,vite,package,json,3901
VUE.vite.src.client,vite,src,client,19871
VUE.vite.src.client.client.ts,vite,src,client,14437
VUE.vite.src.client.env.ts,vite,src,client,729
VUE.vite.src.client.overlay.ts,vite,src,client,4262
VUE.vite.src.client.tsconfig.json,vite,src,client,239
VUE.vite.types.alias.d.ts,vite,types,alias,2301
VUE.vite.types.anymatch.d.ts,vite,types,anymatch,214
VUE.vite.types.chokidar.d.ts,vite,types,chokidar,7690
VUE.vite.types.commonjs.d.ts,vite,types,commonjs,8663
VUE.vite.types.connect.d.ts,vite,types,connect,3334
VUE.vite.types.customEvent.d.ts,vite,types,customEvent,404
VUE.vite.types.dynamicImportVars.d.ts,vite,types,dynamicImportVars,546
VUE.vite.types.hmrPayload.d.ts,vite,types,hmrPayload,904
VUE.vite.types.hot.d.ts,vite,types,hot,607
VUE.vite.types.http-proxy.d.ts,vite,types,http-proxy,7973
VUE.vite.types.importMeta.d.ts,vite,types,importMeta,1112
VUE.vite.types.package.json,vite,types,package,79
VUE.vite.types.shims.d.ts,vite,types,shims,2036
VUE.vite.types.terser.d.ts,vite,types,terser,5733
VUE.vite.types.ws.d.ts,vite,types,ws,16436
VUE.vue.README.md,vue,README,md,4105
VUE.vue.compiler-sfc.index.d.ts,vue,compiler-sfc,index,34
VUE.vue.compiler-sfc.index.js,vue,compiler-sfc,index,46
VUE.vue.compiler-sfc.index.mjs,vue,compiler-sfc,index,33
VUE.vue.compiler-sfc.package.json,vue,compiler-sfc,package,74
VUE.vue.dist.vue.cjs.js,vue,dist,vue,2725
VUE.vue.dist.vue.cjs.prod.js,vue,dist,vue,2147
VUE.vue.dist.vue.d.ts,vue,dist,vue,270
VUE.vue.dist.vue.esm-browser.js,vue,dist,vue,606230
VUE.vue.dist.vue.esm-browser.prod.js,vue,dist,vue,130931
VUE.vue.dist.vue.esm-bundler.js,vue,dist,vue,2629
VUE.vue.dist.vue.global.js,vue,dist,vue,636006
VUE.vue.dist.vue.global.prod.js,vue,dist,vue,127923
VUE.vue.dist.vue.runtime.esm-browser.js,vue,dist,vue,408572
VUE.vue.dist.vue.runtime.esm-browser.prod.js,vue,dist,vue,84424
VUE.vue.dist.vue.runtime.esm-bundler.js,vue,dist,vue,611
VUE.vue.dist.vue.runtime.global.js,vue,dist,vue,433029
VUE.vue.dist.vue.runtime.global.prod.js,vue,dist,vue,83784
VUE.vue.index.js,vue,index,js,171
VUE.vue.index.mjs,vue,index,mjs,26
VUE.vue.macros-global.d.ts,vue,macros-global,d,414
VUE.vue.macros.d.ts,vue,macros,d,2909
VUE.vue.package.json,vue,package,json,1841
VUE.vue.ref-macros.d.ts,vue,ref-macros,d,90
VUE.vue.server-renderer.index.d.ts,vue,server-renderer,index,37
VUE.vue.server-renderer.index.js,vue,server-renderer,index,49
VUE.vue.server-renderer.index.mjs,vue,server-renderer,index,36
VUE.vue.server-renderer.package.json,vue,server-renderer,package,74
