ID,PROVINCIA,CANTON,DISTRITO,COD_POSTAL,AREA_KM2,POBL_2022,POBL_2011,POBL_2000
SanJosé.SanJosé.Carmen,SanJosé,SanJosé,Carmen,10101,1.47,2946.0,2702.0,3360.0
SanJosé.SanJosé.Merced,SanJosé,SanJosé,Merced,10102,2.17,15408.0,12257.0,13565.0
SanJosé.SanJosé.Hospital,SanJosé,SanJosé,Hospital,10103,3.3,24030.0,19270.0,24175.0
SanJosé.SanJosé.Catedral,SanJosé,SanJosé,Catedral,10104,2.35,15682.0,12936.0,15341.0
SanJosé.SanJosé.Zapote,SanJosé,SanJosé,Zapote,10105,2.87,21990.0,18679.0,20753.0
SanJosé.SanJosé.SanFranciscodeDosRíos,SanJosé,SanJosé,SanFranciscodeDosRíos,10106,2.64,23745.0,20209.0,21724.0
SanJosé.SanJosé.Uruca,SanJosé,SanJosé,Uruca,10107,8.44,42861.0,31728.0,27110.0
SanJosé.SanJosé.MataRedonda,SanJosé,SanJosé,MataRedonda,10108,3.69,10119.0,8313.0,9321.0
SanJosé.SanJosé.Pavas,SanJosé,SanJosé,Pavas,10109,9.39,89531.0,71384.0,76177.0
SanJosé.SanJosé.Hatillo,SanJosé,SanJosé,Hatillo,10110,4.38,60723.0,50511.0,54901.0
SanJosé.SanJosé.SanSebastián,SanJosé,SanJosé,SanSebastián,10111,4.01,44923.0,40065.0,43245.0
SanJosé.Escazú.Escazú,SanJosé,Escazú,Escazú,10201,4.56,13752.0,11984.0,12379.0
SanJosé.Escazú.SanAntonio,SanJosé,Escazú,SanAntonio,10202,17.01,28329.0,22554.0,20795.0
SanJosé.Escazú.SanRafael,SanJosé,Escazú,SanRafael,10203,12.96,29121.0,21971.0,19198.0
SanJosé.Desamparados.Desamparados,SanJosé,Desamparados,Desamparados,10301,3.31,37479.0,33866.0,36437.0
SanJosé.Desamparados.SanMiguel,SanJosé,Desamparados,SanMiguel,10302,21.36,38716.0,31805.0,28336.0
SanJosé.Desamparados.SanJuandeDios,SanJosé,Desamparados,SanJuandeDios,10303,2.98,24505.0,19481.0,16577.0
SanJosé.Desamparados.SanRafaelArriba,SanJosé,Desamparados,SanRafaelArriba,10304,3.21,18412.0,15262.0,13008.0
SanJosé.Desamparados.SanAntonio,SanJosé,Desamparados,SanAntonio,10305,2.1,11343.0,9727.0,9775.0
SanJosé.Desamparados.Frailes,SanJosé,Desamparados,Frailes,10306,19.57,4586.0,3772.0,3504.0
SanJosé.Desamparados.Patarrá,SanJosé,Desamparados,Patarrá,10307,16.09,14919.0,11921.0,28451.0
SanJosé.Desamparados.SanCristóbal,SanJosé,Desamparados,SanCristóbal,10308,25.47,4769.0,3905.0,3360.0
SanJosé.Desamparados.Rosario,SanJosé,Desamparados,Rosario,10309,14.77,3787.0,3088.0,2710.0
SanJosé.Desamparados.Damas,SanJosé,Desamparados,Damas,10310,2.57,15713.0,13175.0,12993.0
SanJosé.Desamparados.SanRafaelAbajo,SanJosé,Desamparados,SanRafaelAbajo,10311,2.01,26781.0,23283.0,22481.0
SanJosé.Desamparados.Gravilias,SanJosé,Desamparados,Gravilias,10312,2.94,17237.0,15024.0,15846.0
SanJosé.Desamparados.LosGuido,SanJosé,Desamparados,LosGuido,10313,3.01,31120.0,24102.0,
SanJosé.Puriscal.Santiago,SanJosé,Puriscal,Santiago,10401,34.52,12600.0,11512.0,10884.0
SanJosé.Puriscal.MercedesSur,SanJosé,Puriscal,MercedesSur,10402,183.58,7099.0,5866.0,5082.0
SanJosé.Puriscal.Barbacoas,SanJosé,Puriscal,Barbacoas,10403,18.74,4486.0,3692.0,3210.0
SanJosé.Puriscal.GrifoAlto,SanJosé,Puriscal,GrifoAlto,10404,26.21,1492.0,1182.0,1101.0
SanJosé.Puriscal.SanRafael,SanJosé,Puriscal,SanRafael,10405,15.53,2009.0,1730.0,1524.0
SanJosé.Puriscal.Candelarita,SanJosé,Puriscal,Candelarita,10406,24.87,1753.0,1436.0,1425.0
SanJosé.Puriscal.Desamparaditos,SanJosé,Puriscal,Desamparaditos,10407,7.14,794.0,666.0,572.0
SanJosé.Puriscal.SanAntonio,SanJosé,Puriscal,SanAntonio,10408,14.5,4720.0,3889.0,2803.0
SanJosé.Puriscal.Chires,SanJosé,Puriscal,Chires,10409,230.47,3640.0,3031.0,2806.0
SanJosé.Tarrazú.SanMarcos,SanJosé,Tarrazú,SanMarcos,10501,45.53,11365.0,9993.0,8240.0
SanJosé.Tarrazú.SanLorenzo,SanJosé,Tarrazú,SanLorenzo,10502,185.64,5250.0,4394.0,4029.0
SanJosé.Tarrazú.SanCarlos,SanJosé,Tarrazú,SanCarlos,10503,58.58,2172.0,1893.0,1891.0
SanJosé.Aserrí.Aserrí,SanJosé,Aserrí,Aserrí,10601,15.25,30347.0,28191.0,23844.0
SanJosé.Aserrí.Tarbaca,SanJosé,Aserrí,Tarbaca,10602,15.33,1676.0,1446.0,1231.0
SanJosé.Aserrí.VueltadeJorco,SanJosé,Aserrí,VueltadeJorco,10603,22.04,7342.0,6499.0,6155.0
SanJosé.Aserrí.SanGabriel,SanJosé,Aserrí,SanGabriel,10604,11.76,6930.0,6061.0,5048.0
SanJosé.Aserrí.Legua,SanJosé,Aserrí,Legua,10605,81.51,1748.0,1521.0,1472.0
SanJosé.Aserrí.Monterrey,SanJosé,Aserrí,Monterrey,10606,8.36,558.0,498.0,421.0
SanJosé.Aserrí.Salitrillos,SanJosé,Aserrí,Salitrillos,10607,14.35,15879.0,13676.0,11148.0
SanJosé.Mora.Colón,SanJosé,Mora,Colón,10701,40.12,17411.0,16088.0,13477.0
SanJosé.Mora.Guayabo,SanJosé,Mora,Guayabo,10702,8.99,5414.0,4449.0,3215.0
SanJosé.Mora.Tabarcia,SanJosé,Mora,Tabarcia,10703,40.39,5160.0,4703.0,3994.0
SanJosé.Mora.PiedrasNegras,SanJosé,Mora,PiedrasNegras,10704,14.84,498.0,379.0,318.0
SanJosé.Mora.Picagres,SanJosé,Mora,Picagres,10705,27.2,899.0,675.0,662.0
SanJosé.Mora.Jaris,SanJosé,Mora,Jaris,10706,5.53,1377.0,,
SanJosé.Mora.Quitirrisí,SanJosé,Mora,Quitirrisí,10707,26.69,,,
SanJosé.Goicoechea.Guadalupe,SanJosé,Goicoechea,Guadalupe,10801,2.38,22347.0,20663.0,23723.0
SanJosé.Goicoechea.SanFrancisco,SanJosé,Goicoechea,SanFrancisco,10802,0.57,2421.0,2032.0,2552.0
SanJosé.Goicoechea.CalleBlancos,SanJosé,Goicoechea,CalleBlancos,10803,2.36,23451.0,18984.0,19411.0
SanJosé.Goicoechea.MatadePlátano,SanJosé,Goicoechea,MatadePlátano,10804,7.85,21198.0,17370.0,16206.0
SanJosé.Goicoechea.Ipís,SanJosé,Goicoechea,Ipís,10805,2.37,32049.0,26033.0,26155.0
SanJosé.Goicoechea.RanchoRedondo,SanJosé,Goicoechea,RanchoRedondo,10806,13.38,3224.0,2538.0,2718.0
SanJosé.Goicoechea.Purral,SanJosé,Goicoechea,Purral,10807,3.11,36074.0,27464.0,26767.0
SanJosé.SantaAna.SantaAna,SanJosé,SantaAna,SantaAna,10901,5.4,12956.0,11320.0,8517.0
SanJosé.SantaAna.Salitral,SanJosé,SantaAna,Salitral,10902,20.2,5587.0,4304.0,3369.0
SanJosé.SantaAna.Pozos,SanJosé,SantaAna,Pozos,10903,13.34,20671.0,15585.0,9025.0
SanJosé.SantaAna.Uruca,SanJosé,SantaAna,Uruca,10904,7.07,9129.0,7200.0,5635.0
SanJosé.SantaAna.Piedades,SanJosé,SantaAna,Piedades,10905,12.01,10263.0,8128.0,6199.0
SanJosé.SantaAna.Brasil,SanJosé,SantaAna,Brasil,10906,3.25,3247.0,2586.0,1762.0
SanJosé.Alajuelita.Alajuelita,SanJosé,Alajuelita,Alajuelita,11001,1.3,13325.0,11988.0,12247.0
SanJosé.Alajuelita.SanJosecito,SanJosé,Alajuelita,SanJosecito,11002,2.42,13069.0,10506.0,8500.0
SanJosé.Alajuelita.SanAntonio,SanJosé,Alajuelita,SanAntonio,11003,10.22,6003.0,4739.0,3193.0
SanJosé.Alajuelita.Concepción,SanJosé,Alajuelita,Concepción,11004,2.4,23455.0,18721.0,19268.0
SanJosé.Alajuelita.SanFelipe,SanJosé,Alajuelita,SanFelipe,11005,5.1,41306.0,31649.0,27089.0
SanJosé.VázquezdeCoronado.SanIsidro,SanJosé,VázquezdeCoronado,SanIsidro,11101,5.14,18631.0,16625.0,15570.0
SanJosé.VázquezdeCoronado.SanRafael,SanJosé,VázquezdeCoronado,SanRafael,11102,16.95,8643.0,7040.0,6389.0
SanJosé.VázquezdeCoronado.DulceNombredeJesús,SanJosé,VázquezdeCoronado,DulceNombredeJesús,11103,67.86,12149.0,9744.0,9352.0
SanJosé.VázquezdeCoronado.Patalillo,SanJosé,VázquezdeCoronado,Patalillo,11104,1.97,24907.0,20349.0,17731.0
SanJosé.VázquezdeCoronado.Cascajal,SanJosé,VázquezdeCoronado,Cascajal,11105,131.72,8602.0,6728.0,6543.0
SanJosé.Acosta.SanIgnacio,SanJosé,Acosta,SanIgnacio,11201,22.63,9475.0,9016.0,7728.0
SanJosé.Acosta.Guaitil,SanJosé,Acosta,Guaitil,11202,43.85,2685.0,2406.0,2555.0
SanJosé.Acosta.Palmichal,SanJosé,Acosta,Palmichal,11203,34.17,5308.0,4581.0,3852.0
SanJosé.Acosta.Cangrejal,SanJosé,Acosta,Cangrejal,11204,64.46,2121.0,1875.0,1987.0
SanJosé.Acosta.Sabanillas,SanJosé,Acosta,Sabanillas,11205,176.83,2668.0,2331.0,2539.0
SanJosé.Tibás.SanJuan,SanJosé,Tibás,SanJuan,11301,3.56,25866.0,21745.0,24944.0
SanJosé.Tibás.CincoEsquinas,SanJosé,Tibás,CincoEsquinas,11302,0.67,8617.0,5925.0,6379.0
SanJosé.Tibás.AnselmoLlorente,SanJosé,Tibás,AnselmoLlorente,11303,1.36,12913.0,9986.0,10103.0
SanJosé.Tibás.LeónXIII,SanJosé,Tibás,LeónXIII,11304,0.78,20551.0,13661.0,16400.0
SanJosé.Tibás.Colima,SanJosé,Tibás,Colima,11305,2.0,18118.0,13525.0,14248.0
SanJosé.Moravia.SanVicente,SanJosé,Moravia,SanVicente,11401,5.39,32041.0,30998.0,31693.0
SanJosé.Moravia.SanJerónimo,SanJosé,Moravia,SanJerónimo,11402,18.58,7463.0,6154.0,4911.0
SanJosé.Moravia.LaTrinidad,SanJosé,Moravia,LaTrinidad,11403,4.94,23755.0,19767.0,13815.0
SanJosé.MontesdeOca.SanPedro,SanJosé,MontesdeOca,SanPedro,11501,4.7,28844.0,23977.0,26524.0
SanJosé.MontesdeOca.Sabanilla,SanJosé,MontesdeOca,Sabanilla,11502,1.78,14082.0,10775.0,11324.0
SanJosé.MontesdeOca.Mercedes,SanJosé,MontesdeOca,Mercedes,11503,1.44,6086.0,4688.0,4872.0
SanJosé.MontesdeOca.SanRafael,SanJosé,MontesdeOca,SanRafael,11504,7.74,13832.0,9692.0,7713.0
SanJosé.Turrubares.SanPablo,SanJosé,Turrubares,SanPablo,11601,26.37,1573.0,1357.0,1192.0
SanJosé.Turrubares.SanPedro,SanJosé,Turrubares,SanPedro,11602,39.11,861.0,646.0,499.0
SanJosé.Turrubares.SanJuandeMata,SanJosé,Turrubares,SanJuandeMata,11603,86.17,1546.0,1182.0,2725.0
SanJosé.Turrubares.SanLuis,SanJosé,Turrubares,SanLuis,11604,43.71,721.0,517.0,461.0
SanJosé.Turrubares.Carara,SanJosé,Turrubares,Carara,11605,220.35,2330.0,1810.0,
SanJosé.Dota.SantaMaría,SanJosé,Dota,SantaMaría,11701,92.84,5251.0,4621.0,4274.0
SanJosé.Dota.Jardín,SanJosé,Dota,Jardín,11702,32.71,702.0,524.0,475.0
SanJosé.Dota.Copey,SanJosé,Dota,Copey,11703,279.41,2088.0,1803.0,1770.0
SanJosé.Curridabat.Curridabat,SanJosé,Curridabat,Curridabat,11801,6.16,32605.0,28817.0,30316.0
SanJosé.Curridabat.Granadilla,SanJosé,Curridabat,Granadilla,11802,3.52,19207.0,14778.0,11600.0
SanJosé.Curridabat.Sánchez,SanJosé,Curridabat,Sánchez,11803,4.53,6833.0,5364.0,3147.0
SanJosé.Curridabat.Tirrases,SanJosé,Curridabat,Tirrases,11804,1.87,22032.0,16247.0,15826.0
SanJosé.PérezZeledón.SanIsidrodeElGeneral,SanJosé,PérezZeledón,SanIsidrodeElGeneral,11901,191.53,48435.0,45327.0,41221.0
SanJosé.PérezZeledón.ElGeneral,SanJosé,PérezZeledón,ElGeneral,11902,76.35,6873.0,6373.0,5882.0
SanJosé.PérezZeledón.DanielFlores,SanJosé,PérezZeledón,DanielFlores,11903,64.3,35584.0,33537.0,26359.0
SanJosé.PérezZeledón.Rivas,SanJosé,PérezZeledón,Rivas,11904,310.28,7318.0,6591.0,6531.0
SanJosé.PérezZeledón.SanPedro,SanJosé,PérezZeledón,SanPedro,11905,205.96,9344.0,9102.0,9013.0
SanJosé.PérezZeledón.Platanares,SanJosé,PérezZeledón,Platanares,11906,79.84,7497.0,7203.0,7308.0
SanJosé.PérezZeledón.Pejibaye,SanJosé,PérezZeledón,Pejibaye,11907,140.78,7972.0,7995.0,8627.0
SanJosé.PérezZeledón.Cajón,SanJosé,PérezZeledón,Cajón,11908,118.86,9045.0,8542.0,7467.0
SanJosé.PérezZeledón.Barú,SanJosé,PérezZeledón,Barú,11909,191.42,2854.0,2393.0,2335.0
SanJosé.PérezZeledón.RíoNuevo,SanJosé,PérezZeledón,RíoNuevo,11910,240.68,3495.0,3061.0,3219.0
SanJosé.PérezZeledón.Páramo,SanJosé,PérezZeledón,Páramo,11911,203.17,4865.0,4410.0,4225.0
SanJosé.PérezZeledón.LaAmistad,SanJosé,PérezZeledón,LaAmistad,11912,76.11,,,
SanJosé.LeónCortés.SanPablo,SanJosé,LeónCortés,SanPablo,12001,20.86,4663.0,4209.0,3780.0
SanJosé.LeónCortés.SanAndrés,SanJosé,LeónCortés,SanAndrés,12002,16.08,1746.0,1578.0,1804.0
SanJosé.LeónCortés.LlanoBonito,SanJosé,LeónCortés,LlanoBonito,12003,34.51,2269.0,2111.0,2135.0
SanJosé.LeónCortés.SanIsidro,SanJosé,LeónCortés,SanIsidro,12004,18.86,1870.0,1531.0,1426.0
SanJosé.LeónCortés.SantaCruz,SanJosé,LeónCortés,SantaCruz,12005,21.97,2164.0,1665.0,1626.0
SanJosé.LeónCortés.SanAntonio,SanJosé,LeónCortés,SanAntonio,12006,10.15,1278.0,1106.0,925.0
Alajuela.Alajuela.Alajuela,Alajuela,Alajuela,Alajuela,20101,8.89,48326.0,42975.0,42889.0
Alajuela.Alajuela.SanJosé,Alajuela,Alajuela,SanJosé,20102,14.69,52686.0,41656.0,35405.0
Alajuela.Alajuela.Carrizal,Alajuela,Alajuela,Carrizal,20103,16.12,9002.0,6856.0,6455.0
Alajuela.Alajuela.SanAntonio,Alajuela,Alajuela,SanAntonio,20104,8.93,31637.0,24971.0,22094.0
Alajuela.Alajuela.Guácima,Alajuela,Alajuela,Guácima,20105,28.04,26642.0,20183.0,15450.0
Alajuela.Alajuela.SanIsidro,Alajuela,Alajuela,SanIsidro,20106,36.09,22586.0,17294.0,16247.0
Alajuela.Alajuela.Sabanilla,Alajuela,Alajuela,Sabanilla,20107,43.05,12396.0,9059.0,8335.0
Alajuela.Alajuela.SanRafael,Alajuela,Alajuela,SanRafael,20108,19.29,34182.0,26248.0,19162.0
Alajuela.Alajuela.RíoSegundo,Alajuela,Alajuela,RíoSegundo,20109,5.57,13561.0,10794.0,11036.0
Alajuela.Alajuela.Desamparados,Alajuela,Alajuela,Desamparados,20110,12.95,33654.0,26109.0,21075.0
Alajuela.Alajuela.Turrúcares,Alajuela,Alajuela,Turrúcares,20111,35.99,9349.0,7630.0,5986.0
Alajuela.Alajuela.Tambor,Alajuela,Alajuela,Tambor,20112,13.88,14338.0,10992.0,9370.0
Alajuela.Alajuela.Garita,Alajuela,Alajuela,Garita,20113,33.91,9492.0,7277.0,6856.0
Alajuela.Alajuela.Sarapiquí,Alajuela,Alajuela,Sarapiquí,20114,113.98,4021.0,2842.0,2493.0
Alajuela.SanRamón.SanRamón,Alajuela,SanRamón,SanRamón,20201,1.28,9107.0,8717.0,9659.0
Alajuela.SanRamón.Santiago,Alajuela,SanRamón,Santiago,20202,61.0,5699.0,4535.0,3976.0
Alajuela.SanRamón.SanJuan,Alajuela,SanRamón,SanJuan,20203,5.09,13406.0,11695.0,9690.0
Alajuela.SanRamón.PiedadesNorte,Alajuela,SanRamón,PiedadesNorte,20204,47.2,9564.0,8147.0,6846.0
Alajuela.SanRamón.PiedadesSur,Alajuela,SanRamón,PiedadesSur,20205,116.29,4603.0,3738.0,3448.0
Alajuela.SanRamón.SanRafael,Alajuela,SanRamón,SanRafael,20206,30.73,10904.0,9321.0,8384.0
Alajuela.SanRamón.SanIsidro,Alajuela,SanRamón,SanIsidro,20207,8.72,5938.0,4478.0,3553.0
Alajuela.SanRamón.Ángeles,Alajuela,SanRamón,Ángeles,20208,81.41,9793.0,8500.0,7073.0
Alajuela.SanRamón.Alfaro,Alajuela,SanRamón,Alfaro,20209,17.87,8402.0,7137.0,4741.0
Alajuela.SanRamón.Volio,Alajuela,SanRamón,Volio,20210,20.46,2727.0,2270.0,1669.0
Alajuela.SanRamón.Concepción,Alajuela,SanRamón,Concepción,20211,9.49,2765.0,2348.0,1841.0
Alajuela.SanRamón.Zapotal,Alajuela,SanRamón,Zapotal,20212,67.24,515.0,391.0,463.0
Alajuela.SanRamón.PeñasBlancas,Alajuela,SanRamón,PeñasBlancas,20213,247.04,12371.0,9289.0,6632.0
Alajuela.SanRamón.SanLorenzo,Alajuela,SanRamón,SanLorenzo,20214,309.15,,,
Alajuela.Grecia.Grecia,Alajuela,Grecia,Grecia,20301,7.51,16146.0,14859.0,14277.0
Alajuela.Grecia.SanIsidro,Alajuela,Grecia,SanIsidro,20302,17.01,7293.0,5949.0,5201.0
Alajuela.Grecia.SanJosé,Alajuela,Grecia,SanJosé,20303,12.36,10231.0,8100.0,6206.0
Alajuela.Grecia.SanRoque,Alajuela,Grecia,SanRoque,20304,27.0,13660.0,11132.0,9163.0
Alajuela.Grecia.Tacares,Alajuela,Grecia,Tacares,20305,24.82,10050.0,7963.0,6879.0
Alajuela.Grecia.PuentedePiedra,Alajuela,Grecia,PuentedePiedra,20307,23.07,13274.0,10556.0,9325.0
Alajuela.Grecia.Bolívar,Alajuela,Grecia,Bolívar,20308,30.77,9018.0,7265.0,6324.0
Alajuela.SanMateo.SanMateo,Alajuela,SanMateo,SanMateo,20401,64.85,3071.0,2692.0,2529.0
Alajuela.SanMateo.Desmonte,Alajuela,SanMateo,Desmonte,20402,20.19,1201.0,1047.0,871.0
Alajuela.SanMateo.JesúsMaría,Alajuela,SanMateo,JesúsMaría,20403,18.79,1517.0,2397.0,1943.0
Alajuela.SanMateo.Labrador,Alajuela,SanMateo,Labrador,20404,20.96,1487.0,,
Alajuela.Atenas.Atenas,Alajuela,Atenas,Atenas,20501,9.76,8015.0,7546.0,7182.0
Alajuela.Atenas.Jesús,Alajuela,Atenas,Jesús,20502,17.96,4396.0,3631.0,3598.0
Alajuela.Atenas.Mercedes,Alajuela,Atenas,Mercedes,20503,7.81,3832.0,3127.0,2691.0
Alajuela.Atenas.SanIsidro,Alajuela,Atenas,SanIsidro,20504,14.48,3521.0,2813.0,2496.0
Alajuela.Atenas.Concepción,Alajuela,Atenas,Concepción,20505,21.94,4261.0,3473.0,3048.0
Alajuela.Atenas.SanJosé,Alajuela,Atenas,SanJosé,20506,13.44,2326.0,1940.0,1794.0
Alajuela.Atenas.SantaEulalia,Alajuela,Atenas,SantaEulalia,20507,14.59,2510.0,2082.0,1670.0
Alajuela.Atenas.Escobal,Alajuela,Atenas,Escobal,20508,26.5,1019.0,848.0,
Alajuela.Naranjo.Naranjo,Alajuela,Naranjo,Naranjo,20601,17.26,17348.0,15936.0,18514.0
Alajuela.Naranjo.SanMiguel,Alajuela,Naranjo,SanMiguel,20602,15.52,5782.0,4657.0,3532.0
Alajuela.Naranjo.SanJosé,Alajuela,Naranjo,SanJosé,20603,21.12,3666.0,3162.0,3225.0
Alajuela.Naranjo.CirríSur,Alajuela,Naranjo,CirríSur,20604,32.07,5533.0,4552.0,3790.0
Alajuela.Naranjo.SanJerónimo,Alajuela,Naranjo,SanJerónimo,20605,9.12,4076.0,3264.0,2703.0
Alajuela.Naranjo.SanJuan,Alajuela,Naranjo,SanJuan,20606,6.78,3688.0,3114.0,2709.0
Alajuela.Naranjo.ElRosario,Alajuela,Naranjo,ElRosario,20607,17.21,4638.0,3757.0,3129.0
Alajuela.Naranjo.Palmitos,Alajuela,Naranjo,Palmitos,20608,8.09,5033.0,4271.0,
Alajuela.Palmares.Palmares,Alajuela,Palmares,Palmares,20701,1.14,3764.0,3599.0,4105.0
Alajuela.Palmares.Zaragoza,Alajuela,Palmares,Zaragoza,20702,8.34,9901.0,8219.0,7493.0
Alajuela.Palmares.BuenosAires,Alajuela,Palmares,BuenosAires,20703,6.88,8931.0,7493.0,6879.0
Alajuela.Palmares.Santiago,Alajuela,Palmares,Santiago,20704,7.94,3379.0,2737.0,2682.0
Alajuela.Palmares.Candelaria,Alajuela,Palmares,Candelaria,20705,4.69,2457.0,1961.0,1745.0
Alajuela.Palmares.Esquipulas,Alajuela,Palmares,Esquipulas,20706,5.41,8435.0,6588.0,3652.0
Alajuela.Palmares.LaGranja,Alajuela,Palmares,LaGranja,20707,4.44,4938.0,4119.0,3210.0
Alajuela.Poás.SanPedro,Alajuela,Poás,SanPedro,20801,13.63,8243.0,7554.0,6913.0
Alajuela.Poás.SanJuan,Alajuela,Poás,SanJuan,20802,16.31,5647.0,4638.0,3738.0
Alajuela.Poás.SanRafael,Alajuela,Poás,SanRafael,20803,14.19,6655.0,5436.0,5025.0
Alajuela.Poás.Carrillos,Alajuela,Poás,Carrillos,20804,10.14,11330.0,9228.0,6901.0
Alajuela.Poás.SabanaRedonda,Alajuela,Poás,SabanaRedonda,20805,20.33,3051.0,2343.0,2187.0
Alajuela.Orotina.Orotina,Alajuela,Orotina,Orotina,20901,21.59,10680.0,9664.0,8045.0
Alajuela.Orotina.ElMastate,Alajuela,Orotina,ElMastate,20902,9.53,2249.0,1821.0,1624.0
Alajuela.Orotina.HaciendaVieja,Alajuela,Orotina,HaciendaVieja,20903,16.93,1242.0,1022.0,890.0
Alajuela.Orotina.Coyolar,Alajuela,Orotina,Coyolar,20904,36.51,7685.0,5912.0,3636.0
Alajuela.Orotina.LaCeiba,Alajuela,Orotina,LaCeiba,20905,60.55,2592.0,1922.0,1510.0
Alajuela.SanCarlos.Quesada,Alajuela,SanCarlos,Quesada,21001,144.0,46127.0,42060.0,36365.0
Alajuela.SanCarlos.Florencia,Alajuela,SanCarlos,Florencia,21002,198.54,18517.0,15149.0,12444.0
Alajuela.SanCarlos.Buenavista,Alajuela,SanCarlos,Buenavista,21003,25.98,420.0,325.0,352.0
Alajuela.SanCarlos.AguasZarcas,Alajuela,SanCarlos,AguasZarcas,21004,185.86,26305.0,20239.0,13651.0
Alajuela.SanCarlos.Venecia,Alajuela,SanCarlos,Venecia,21005,132.44,12172.0,9638.0,7394.0
Alajuela.SanCarlos.Pital,Alajuela,SanCarlos,Pital,21006,379.61,25359.0,17318.0,12317.0
Alajuela.SanCarlos.LaFortuna,Alajuela,SanCarlos,LaFortuna,21007,229.7,19584.0,15383.0,9743.0
Alajuela.SanCarlos.LaTigra,Alajuela,SanCarlos,LaTigra,21008,56.44,7964.0,6374.0,5368.0
Alajuela.SanCarlos.LaPalmera,Alajuela,SanCarlos,LaPalmera,21009,100.45,7940.0,6321.0,4608.0
Alajuela.SanCarlos.Venado,Alajuela,SanCarlos,Venado,21010,169.28,2173.0,1754.0,1705.0
Alajuela.SanCarlos.Cutris,Alajuela,SanCarlos,Cutris,21011,848.01,15537.0,10334.0,7892.0
Alajuela.SanCarlos.Monterrey,Alajuela,SanCarlos,Monterrey,21012,220.2,4321.0,3455.0,3124.0
Alajuela.SanCarlos.Pocosol,Alajuela,SanCarlos,Pocosol,21013,660.75,19696.0,15395.0,12177.0
Alajuela.Zarcero.Zarcero,Alajuela,Zarcero,Zarcero,21101,11.72,4397.0,4004.0,3790.0
Alajuela.Zarcero.Laguna,Alajuela,Zarcero,Laguna,21102,23.36,2031.0,1674.0,1579.0
Alajuela.Zarcero.Tapesco,Alajuela,Zarcero,Tapesco,21103,6.33,1582.0,1305.0,1040.0
Alajuela.Zarcero.Guadalupe,Alajuela,Zarcero,Guadalupe,21104,22.58,1427.0,1148.0,774.0
Alajuela.Zarcero.Palmira,Alajuela,Zarcero,Palmira,21105,30.44,1712.0,1334.0,1308.0
Alajuela.Zarcero.Zapote,Alajuela,Zarcero,Zapote,21106,44.77,944.0,739.0,723.0
Alajuela.Zarcero.Brisas,Alajuela,Zarcero,Brisas,21107,17.87,2536.0,2001.0,1631.0
Alajuela.Sarchí.SarchíNorte,Alajuela,Sarchí,SarchíNorte,21201,21.3,8382.0,7140.0,6470.0
Alajuela.Sarchí.SarchíSur,Alajuela,Sarchí,SarchíSur,21202,6.36,6539.0,5143.0,4337.0
Alajuela.Sarchí.ToroAmarillo,Alajuela,Sarchí,ToroAmarillo,21203,90.93,380.0,273.0,295.0
Alajuela.Sarchí.SanPedro,Alajuela,Sarchí,SanPedro,21204,10.92,4463.0,3408.0,3296.0
Alajuela.Sarchí.Rodríguez,Alajuela,Sarchí,Rodríguez,21205,7.21,2832.0,2121.0,1841.0
Alajuela.Upala.Upala,Alajuela,Upala,Upala,21301,148.65,16850.0,16139.0,12372.0
Alajuela.Upala.AguasClaras,Alajuela,Upala,AguasClaras,21302,408.93,5714.0,4939.0,5026.0
Alajuela.Upala.SanJosé,Alajuela,Upala,SanJosé,21303,285.39,8795.0,7352.0,6826.0
Alajuela.Upala.Bijagua,Alajuela,Upala,Bijagua,21304,186.39,5363.0,4538.0,4042.0
Alajuela.Upala.Delicias,Alajuela,Upala,Delicias,21305,98.57,5479.0,4483.0,3618.0
Alajuela.Upala.DosRíos,Alajuela,Upala,DosRíos,21306,218.07,4017.0,3194.0,2776.0
Alajuela.Upala.Yolillal,Alajuela,Upala,Yolillal,21307,139.54,4129.0,3308.0,3019.0
Alajuela.Upala.Canalete,Alajuela,Upala,Canalete,21308,106.45,5119.0,,
Alajuela.LosChiles.LosChiles,Alajuela,LosChiles,LosChiles,21401,504.21,21714.0,13262.0,9900.0
Alajuela.LosChiles.CañoNegro,Alajuela,LosChiles,CañoNegro,21402,301.0,2333.0,1808.0,1594.0
Alajuela.LosChiles.ElAmparo,Alajuela,LosChiles,ElAmparo,21403,313.29,7772.0,5992.0,5390.0
Alajuela.LosChiles.SanJorge,Alajuela,LosChiles,SanJorge,21404,214.94,3369.0,2673.0,2848.0
Alajuela.Guatuso.SanRafael,Alajuela,Guatuso,SanRafael,21501,304.29,10117.0,7941.0,6611.0
Alajuela.Guatuso.Buenavista,Alajuela,Guatuso,Buenavista,21502,150.97,1990.0,1573.0,5452.0
Alajuela.Guatuso.Cote,Alajuela,Guatuso,Cote,21503,183.94,1092.0,867.0,982.0
Alajuela.Guatuso.Katira,Alajuela,Guatuso,Katira,21504,114.4,6497.0,5127.0,
Alajuela.RíoCuarto.RíoCuarto,Alajuela,RíoCuarto,RíoCuarto,21601,,,,
Alajuela.RíoCuarto.SantaRita,Alajuela,RíoCuarto,SantaRita,21602,,,,
Alajuela.RíoCuarto.SantaIsabel,Alajuela,RíoCuarto,SantaIsabel,21603,,,,
Cartago.Cartago.Oriental,Cartago,Cartago,Oriental,30101,2.04,12310.0,12228.0,12839.0
Cartago.Cartago.Occidental,Cartago,Cartago,Occidental,30102,2.0,10465.0,9901.0,11139.0
Cartago.Cartago.Carmen,Cartago,Cartago,Carmen,30103,4.39,19390.0,17425.0,15980.0
Cartago.Cartago.SanNicolás,Cartago,Cartago,SanNicolás,30104,29.44,29913.0,25948.0,22193.0
Cartago.Cartago.Aguacaliente,Cartago,Cartago,Aguacaliente,30105,100.37,36408.0,31789.0,28516.0
Cartago.Cartago.Guadalupe,Cartago,Cartago,Guadalupe,30106,13.28,16547.0,14618.0,12515.0
Cartago.Cartago.Corralillo,Cartago,Cartago,Corralillo,30107,32.57,12064.0,10647.0,9366.0
Cartago.Cartago.TierraBlanca,Cartago,Cartago,TierraBlanca,30108,12.75,5926.0,5103.0,4639.0
Cartago.Cartago.DulceNombre,Cartago,Cartago,DulceNombre,30109,33.11,12004.0,10548.0,6508.0
Cartago.Cartago.LlanoGrande,Cartago,Cartago,LlanoGrande,30110,30.35,5120.0,4342.0,3665.0
Cartago.Cartago.Quebradilla,Cartago,Cartago,Quebradilla,30111,18.91,6057.0,5349.0,4697.0
Cartago.Paraíso.Paraíso,Cartago,Paraíso,Paraíso,30201,19.5,21561.0,20601.0,33398.0
Cartago.Paraíso.Santiago,Cartago,Paraíso,Santiago,30202,25.5,6493.0,5534.0,4960.0
Cartago.Paraíso.Orosi,Cartago,Paraíso,Orosi,30203,376.41,10208.0,9084.0,8862.0
Cartago.Paraíso.Cachí,Cartago,Paraíso,Cachí,30204,41.24,5944.0,5438.0,5173.0
Cartago.Paraíso.LlanosdeSantaLucía,Cartago,Paraíso,LlanosdeSantaLucía,30205,6.55,19590.0,17086.0,
Cartago.Paraíso.Birrisito,Cartago,Paraíso,Birrisito,30206,7.5,,,
Cartago.LaUnión.TresRíos,Cartago,LaUnión,TresRíos,30301,2.19,9298.0,9331.0,10009.0
Cartago.LaUnión.SanDiego,Cartago,LaUnión,SanDiego,30302,8.01,25354.0,21620.0,16595.0
Cartago.LaUnión.SanJuan,Cartago,LaUnión,SanJuan,30303,3.94,15752.0,13729.0,8139.0
Cartago.LaUnión.SanRafael,Cartago,LaUnión,SanRafael,30304,9.46,16277.0,14247.0,10961.0
Cartago.LaUnión.Concepción,Cartago,LaUnión,Concepción,30305,3.8,19259.0,16515.0,12910.0
Cartago.LaUnión.DulceNombre,Cartago,LaUnión,DulceNombre,30306,8.35,9289.0,7893.0,6598.0
Cartago.LaUnión.SanRamón,Cartago,LaUnión,SanRamón,30307,3.47,4526.0,4054.0,4640.0
Cartago.LaUnión.RíoAzul,Cartago,LaUnión,RíoAzul,30308,4.89,14860.0,12010.0,10427.0
Cartago.Jiménez.JuanViñas,Cartago,Jiménez,JuanViñas,30401,43.62,7095.0,6552.0,6387.0
Cartago.Jiménez.Tucurrique,Cartago,Jiménez,Tucurrique,30402,33.52,5601.0,4872.0,4284.0
Cartago.Jiménez.Pejibaye,Cartago,Jiménez,Pejibaye,30403,173.85,3665.0,3245.0,3375.0
Cartago.Jiménez.LaVictoria,Cartago,Jiménez,LaVictoria,30404,15.34,,,
Cartago.Turrialba.Turrialba,Cartago,Turrialba,Turrialba,30501,56.1,27039.0,26680.0,32004.0
Cartago.Turrialba.LaSuiza,Cartago,Turrialba,LaSuiza,30502,160.36,7939.0,7590.0,9202.0
Cartago.Turrialba.Peralta,Cartago,Turrialba,Peralta,30503,9.53,621.0,511.0,570.0
Cartago.Turrialba.SantaCruz,Cartago,Turrialba,SantaCruz,30504,124.94,3804.0,3208.0,3421.0
Cartago.Turrialba.SantaTeresita,Cartago,Turrialba,SantaTeresita,30505,60.0,5402.0,4744.0,5095.0
Cartago.Turrialba.Pavones,Cartago,Turrialba,Pavones,30506,42.13,4628.0,4331.0,4431.0
Cartago.Turrialba.Tuis,Cartago,Turrialba,Tuis,30507,38.88,2950.0,2837.0,2630.0
Cartago.Turrialba.Tayutic,Cartago,Turrialba,Tayutic,30508,74.91,2506.0,2374.0,4452.0
Cartago.Turrialba.SantaRosa,Cartago,Turrialba,SantaRosa,30509,22.29,5747.0,5232.0,4759.0
Cartago.Turrialba.TresEquis,Cartago,Turrialba,TresEquis,30510,37.18,1964.0,1808.0,1946.0
Cartago.Turrialba.LaIsabel,Cartago,Turrialba,LaIsabel,30511,19.96,6362.0,6116.0,
Cartago.Turrialba.Chirripó,Cartago,Turrialba,Chirripó,30512,942.09,4584.0,4185.0,
Cartago.Alvarado.Pacayas,Cartago,Alvarado,Pacayas,30601,29.68,5989.0,5628.0,5386.0
Cartago.Alvarado.Cervantes,Cartago,Alvarado,Cervantes,30602,15.19,6916.0,6230.0,4709.0
Cartago.Alvarado.Capellades,Cartago,Alvarado,Capellades,30603,34.32,2710.0,2454.0,2195.0
Cartago.Oreamuno.SanRafael,Cartago,Oreamuno,SanRafael,30701,10.27,29275.0,27248.0,23707.0
Cartago.Oreamuno.Cot,Cartago,Oreamuno,Cot,30702,15.05,11360.0,9630.0,7813.0
Cartago.Oreamuno.PotreroCerrado,Cartago,Oreamuno,PotreroCerrado,30703,18.2,2705.0,2281.0,2023.0
Cartago.Oreamuno.Cipreses,Cartago,Oreamuno,Cipreses,30704,9.31,4234.0,3700.0,2887.0
Cartago.Oreamuno.SantaRosa,Cartago,Oreamuno,SantaRosa,30705,149.81,3021.0,2614.0,2602.0
Cartago.ElGuarco.ElTejar,Cartago,ElGuarco,ElTejar,30801,6.07,27037.0,24984.0,18648.0
Cartago.ElGuarco.SanIsidro,Cartago,ElGuarco,SanIsidro,30802,134.73,11632.0,9828.0,9165.0
Cartago.ElGuarco.Tobosi,Cartago,ElGuarco,Tobosi,30803,19.9,7834.0,6569.0,5418.0
Cartago.ElGuarco.PatiodeAgua,Cartago,ElGuarco,PatiodeAgua,30804,11.05,456.0,412.0,557.0
Heredia.Heredia.Heredia,Heredia,Heredia,Heredia,40101,2.95,18988.0,18697.0,20191.0
Heredia.Heredia.Mercedes,Heredia,Heredia,Mercedes,40102,4.15,30276.0,25744.0,19717.0
Heredia.Heredia.SanFrancisco,Heredia,Heredia,SanFrancisco,40103,6.43,60166.0,49209.0,40840.0
Heredia.Heredia.Ulloa,Heredia,Heredia,Ulloa,40104,11.47,35618.0,29266.0,22456.0
Heredia.Heredia.Varablanca,Heredia,Heredia,Varablanca,40105,258.05,972.0,700.0,690.0
Heredia.Barva.Barva,Heredia,Barva,Barva,40201,0.82,5099.0,4997.0,4890.0
Heredia.Barva.SanPedro,Heredia,Barva,SanPedro,40202,7.16,12026.0,9932.0,8560.0
Heredia.Barva.SanPablo,Heredia,Barva,SanPablo,40203,6.94,10105.0,8319.0,6656.0
Heredia.Barva.SanRoque,Heredia,Barva,SanRoque,40204,1.29,5507.0,4622.0,3071.0
Heredia.Barva.SantaLucía,Heredia,Barva,SantaLucía,40205,2.87,8524.0,7413.0,5462.0
Heredia.Barva.SanJosédelaMontaña,Heredia,Barva,SanJosédelaMontaña,40206,36.82,6929.0,5377.0,3801.0
Heredia.SantoDomingo.SantoDomingo,Heredia,SantoDomingo,SantoDomingo,40301,0.79,5050.0,4730.0,5181.0
Heredia.SantoDomingo.SanVicente,Heredia,SantoDomingo,SanVicente,40302,2.91,8072.0,6427.0,5167.0
Heredia.SantoDomingo.SanMiguel,Heredia,SantoDomingo,SanMiguel,40303,5.9,7988.0,6363.0,5694.0
Heredia.SantoDomingo.Paracito,Heredia,SantoDomingo,Paracito,40304,1.12,2832.0,2231.0,1604.0
Heredia.SantoDomingo.SantoTomás,Heredia,SantoDomingo,SantoTomás,40305,3.51,7953.0,6267.0,5222.0
Heredia.SantoDomingo.SantaRosa,Heredia,SantoDomingo,SantaRosa,40306,4.25,9264.0,7269.0,6396.0
Heredia.SantoDomingo.Tures,Heredia,SantoDomingo,Tures,40307,3.9,4477.0,3452.0,2720.0
Heredia.SantoDomingo.Pará,Heredia,SantoDomingo,Pará,40308,2.88,4199.0,3333.0,2764.0
Heredia.SantaBárbara.SantaBárbara,Heredia,SantaBárbara,SantaBárbara,40401,1.27,6394.0,5944.0,5452.0
Heredia.SantaBárbara.SanPedro,Heredia,SantaBárbara,SanPedro,40402,2.48,7016.0,5582.0,3652.0
Heredia.SantaBárbara.SanJuan,Heredia,SantaBárbara,SanJuan,40403,4.45,9308.0,7662.0,6245.0
Heredia.SantaBárbara.Jesús,Heredia,SantaBárbara,Jesús,40404,11.18,11842.0,9603.0,7585.0
Heredia.SantaBárbara.SantoDomingo,Heredia,SantaBárbara,SantoDomingo,40405,26.43,3699.0,2879.0,2647.0
Heredia.SantaBárbara.Purabá,Heredia,SantaBárbara,Purabá,40406,6.09,5619.0,4573.0,3600.0
Heredia.SanRafael.SanRafael,Heredia,SanRafael,SanRafael,40501,1.3,10787.0,9668.0,8651.0
Heredia.SanRafael.SanJosecito,Heredia,SanRafael,SanJosecito,40502,1.35,14331.0,11579.0,10826.0
Heredia.SanRafael.Santiago,Heredia,SanRafael,Santiago,40503,1.64,10534.0,8409.0,6878.0
Heredia.SanRafael.Ángeles,Heredia,SanRafael,Ángeles,40504,21.23,13017.0,10232.0,6780.0
Heredia.SanRafael.Concepción,Heredia,SanRafael,Concepción,40505,22.67,7891.0,6077.0,4158.0
Heredia.SanIsidro.SanIsidro,Heredia,SanIsidro,SanIsidro,40601,2.66,6413.0,6113.0,4990.0
Heredia.SanIsidro.SanJosé,Heredia,SanIsidro,SanJosé,40602,11.37,8895.0,7447.0,5102.0
Heredia.SanIsidro.Concepción,Heredia,SanIsidro,Concepción,40603,8.03,3115.0,2635.0,2081.0
Heredia.SanIsidro.SanFrancisco,Heredia,SanIsidro,SanFrancisco,40604,4.6,5232.0,4438.0,3883.0
Heredia.Belén.SanAntonio,Heredia,Belén,SanAntonio,40701,3.54,11625.0,9942.0,10256.0
Heredia.Belén.LaRibera,Heredia,Belén,LaRibera,40702,4.28,7753.0,6040.0,5687.0
Heredia.Belén.LaAsunción,Heredia,Belén,LaAsunción,40703,4.62,7475.0,5651.0,3891.0
Heredia.Flores.SanJoaquín,Heredia,Flores,SanJoaquín,40801,2.58,8341.0,7173.0,6346.0
Heredia.Flores.Barrantes,Heredia,Flores,Barrantes,40802,2.3,5340.0,4091.0,2810.0
Heredia.Flores.Llorente,Heredia,Flores,Llorente,40803,1.89,11720.0,8773.0,5882.0
Heredia.SanPablo.SanPablo,Heredia,SanPablo,SanPablo,40901,5.88,21485.0,19412.0,20813.0
Heredia.SanPablo.RincóndeSabanilla,Heredia,SanPablo,RincóndeSabanilla,40902,2.36,10034.0,8259.0,
Heredia.Sarapiquí.PuertoViejo,Heredia,Sarapiquí,PuertoViejo,41001,428.17,31580.0,20184.0,16272.0
Heredia.Sarapiquí.LaVirgen,Heredia,Sarapiquí,LaVirgen,41002,513.82,16493.0,10521.0,7648.0
Heredia.Sarapiquí.LasHorquetas,Heredia,Sarapiquí,LasHorquetas,41003,565.41,35957.0,24331.0,20094.0
Heredia.Sarapiquí.LlanurasdelGaspar,Heredia,Sarapiquí,LlanurasdelGaspar,41004,267.74,2059.0,1160.0,662.0
Heredia.Sarapiquí.Cureña,Heredia,Sarapiquí,Cureña,41005,369.02,1598.0,951.0,759.0
Guanacaste.Liberia.Liberia,Guanacaste,Liberia,Liberia,50101,563.57,67132.0,53382.0,39242.0
Guanacaste.Liberia.CañasDulces,Guanacaste,Liberia,CañasDulces,50102,243.39,4075.0,3230.0,2634.0
Guanacaste.Liberia.Mayorga,Guanacaste,Liberia,Mayorga,50103,227.39,2032.0,1599.0,1288.0
Guanacaste.Liberia.Nacascolo,Guanacaste,Liberia,Nacascolo,50104,327.05,3129.0,2249.0,1727.0
Guanacaste.Liberia.Curubandé,Guanacaste,Liberia,Curubandé,50105,81.14,3242.0,2527.0,1812.0
Guanacaste.Nicoya.Nicoya,Guanacaste,Nicoya,Nicoya,50201,310.61,27131.0,24833.0,20945.0
Guanacaste.Nicoya.Mansión,Guanacaste,Nicoya,Mansión,50202,212.47,5772.0,5717.0,4663.0
Guanacaste.Nicoya.SanAntonio,Guanacaste,Nicoya,SanAntonio,50203,334.01,7148.0,6642.0,6662.0
Guanacaste.Nicoya.QuebradaHonda,Guanacaste,Nicoya,QuebradaHonda,50204,106.03,2591.0,2523.0,2323.0
Guanacaste.Nicoya.Sámara,Guanacaste,Nicoya,Sámara,50205,109.19,4685.0,3512.0,2603.0
Guanacaste.Nicoya.Nosara,Guanacaste,Nicoya,Nosara,50206,134.57,7213.0,4912.0,2875.0
Guanacaste.Nicoya.BeléndeNosarita,Guanacaste,Nicoya,BeléndeNosarita,50207,123.0,3084.0,2686.0,2118.0
Guanacaste.SantaCruz.SantaCruz,Guanacaste,SantaCruz,SantaCruz,50301,289.6,28008.0,21544.0,17486.0
Guanacaste.SantaCruz.Bolsón,Guanacaste,SantaCruz,Bolsón,50302,32.47,2182.0,1627.0,1605.0
Guanacaste.SantaCruz.VeintisietedeAbril,Guanacaste,SantaCruz,VeintisietedeAbril,50303,301.59,9302.0,7048.0,4928.0
Guanacaste.SantaCruz.Tempate,Guanacaste,SantaCruz,Tempate,50304,129.95,6467.0,5630.0,3395.0
Guanacaste.SantaCruz.Cartagena,Guanacaste,SantaCruz,Cartagena,50305,82.56,5147.0,3824.0,2986.0
Guanacaste.SantaCruz.Cuajiniquil,Guanacaste,SantaCruz,Cuajiniquil,50306,218.65,2678.0,1789.0,1547.0
Guanacaste.SantaCruz.Diriá,Guanacaste,SantaCruz,Diriá,50307,66.26,4983.0,3905.0,3217.0
Guanacaste.SantaCruz.CaboVelas,Guanacaste,SantaCruz,CaboVelas,50308,73.5,4381.0,3362.0,2132.0
Guanacaste.SantaCruz.Tamarindo,Guanacaste,SantaCruz,Tamarindo,50309,125.86,8136.0,6375.0,3525.0
Guanacaste.Bagaces.Bagaces,Guanacaste,Bagaces,Bagaces,50401,883.98,16462.0,12367.0,9261.0
Guanacaste.Bagaces.LaFortuna,Guanacaste,Bagaces,LaFortuna,50402,163.37,3112.0,2756.0,2828.0
Guanacaste.Bagaces.Mogote,Guanacaste,Bagaces,Mogote,50403,181.79,4079.0,3398.0,2886.0
Guanacaste.Bagaces.RíoNaranjo,Guanacaste,Bagaces,RíoNaranjo,50404,43.83,1194.0,1015.0,997.0
Guanacaste.Carrillo.Filadelfia,Guanacaste,Carrillo,Filadelfia,50501,125.14,8967.0,7953.0,7143.0
Guanacaste.Carrillo.Palmira,Guanacaste,Carrillo,Palmira,50502,31.42,6910.0,5416.0,3974.0
Guanacaste.Carrillo.Sardinal,Guanacaste,Carrillo,Sardinal,50503,261.43,20094.0,14912.0,10118.0
Guanacaste.Carrillo.Belén,Guanacaste,Carrillo,Belén,50504,181.55,11785.0,8841.0,6071.0
Guanacaste.Cañas.Cañas,Guanacaste,Cañas,Cañas,50601,193.83,26577.0,20816.0,18798.0
Guanacaste.Cañas.Palmira,Guanacaste,Cañas,Palmira,50602,203.96,1361.0,988.0,916.0
Guanacaste.Cañas.SanMiguel,Guanacaste,Cañas,SanMiguel,50603,120.86,2076.0,1644.0,1520.0
Guanacaste.Cañas.Bebedero,Guanacaste,Cañas,Bebedero,50604,58.26,2582.0,2084.0,2123.0
Guanacaste.Cañas.Porozal,Guanacaste,Cañas,Porozal,50605,105.23,797.0,669.0,719.0
Guanacaste.Abangares.LasJuntas,Guanacaste,Abangares,LasJuntas,50701,229.16,10437.0,9482.0,8612.0
Guanacaste.Abangares.Sierra,Guanacaste,Abangares,Sierra,50702,112.01,2827.0,2351.0,2248.0
Guanacaste.Abangares.SanJuan,Guanacaste,Abangares,SanJuan,50703,107.46,1857.0,1585.0,1340.0
Guanacaste.Abangares.Colorado,Guanacaste,Abangares,Colorado,50704,201.04,5161.0,4621.0,4076.0
Guanacaste.Tilarán.Tilarán,Guanacaste,Tilarán,Tilarán,50801,139.43,9449.0,8677.0,7706.0
Guanacaste.Tilarán.QuebradaGrande,Guanacaste,Tilarán,QuebradaGrande,50802,33.72,3104.0,2700.0,2508.0
Guanacaste.Tilarán.Tronadora,Guanacaste,Tilarán,Tronadora,50803,142.28,2029.0,1795.0,1745.0
Guanacaste.Tilarán.SantaRosa,Guanacaste,Tilarán,SantaRosa,50804,71.8,2188.0,1945.0,1690.0
Guanacaste.Tilarán.Líbano,Guanacaste,Tilarán,Líbano,50805,72.07,958.0,865.0,860.0
Guanacaste.Tilarán.TierrasMorenas,Guanacaste,Tilarán,TierrasMorenas,50806,83.46,1545.0,1358.0,1187.0
Guanacaste.Tilarán.Arenal,Guanacaste,Tilarán,Arenal,50807,73.72,2711.0,2300.0,2175.0
Guanacaste.Tilarán.Cabeceras,Guanacaste,Tilarán,Cabeceras,50808,51.25,,,
Guanacaste.Nandayure.Carmona,Guanacaste,Nandayure,Carmona,50901,31.83,2663.0,2486.0,2012.0
Guanacaste.Nandayure.SantaRita,Guanacaste,Nandayure,SantaRita,50902,51.32,1480.0,1446.0,1489.0
Guanacaste.Nandayure.Zapotal,Guanacaste,Nandayure,Zapotal,50903,105.18,1263.0,1215.0,1267.0
Guanacaste.Nandayure.SanPablo,Guanacaste,Nandayure,SanPablo,50904,78.13,2362.0,2207.0,1734.0
Guanacaste.Nandayure.Porvenir,Guanacaste,Nandayure,Porvenir,50905,40.17,759.0,741.0,994.0
Guanacaste.Nandayure.Bejuco,Guanacaste,Nandayure,Bejuco,50906,262.17,3311.0,3026.0,2489.0
Guanacaste.LaCruz.LaCruz,Guanacaste,LaCruz,LaCruz,51001,345.5,13204.0,9195.0,7880.0
Guanacaste.LaCruz.SantaCecilia,Guanacaste,LaCruz,SantaCecilia,51002,258.16,9191.0,6258.0,5238.0
Guanacaste.LaCruz.LaGarita,Guanacaste,LaCruz,LaGarita,51003,273.37,2665.0,1688.0,1581.0
Guanacaste.LaCruz.SantaElena,Guanacaste,LaCruz,SantaElena,51004,513.35,3011.0,2040.0,1806.0
Guanacaste.Hojancha.Hojancha,Guanacaste,Hojancha,Hojancha,51101,79.05,4707.0,4245.0,3751.0
Guanacaste.Hojancha.MonteRomo,Guanacaste,Hojancha,MonteRomo,51102,74.97,724.0,671.0,799.0
Guanacaste.Hojancha.PuertoCarrillo,Guanacaste,Hojancha,PuertoCarrillo,51103,76.75,1893.0,1574.0,1287.0
Guanacaste.Hojancha.Huacas,Guanacaste,Hojancha,Huacas,51104,31.49,761.0,707.0,697.0
Guanacaste.Hojancha.Matambú,Guanacaste,Hojancha,Matambú,51105,,,,
Puntarenas.Puntarenas.Puntarenas,Puntarenas,Puntarenas,Puntarenas,60101,34.6,10342.0,8335.0,9559.0
Puntarenas.Puntarenas.Pitahaya,Puntarenas,Puntarenas,Pitahaya,60102,109.66,2755.0,2211.0,1822.0
Puntarenas.Puntarenas.Chomes,Puntarenas,Puntarenas,Chomes,60103,120.3,6645.0,5522.0,4166.0
Puntarenas.Puntarenas.Lepanto,Puntarenas,Puntarenas,Lepanto,60104,424.74,10444.0,9502.0,8928.0
Puntarenas.Puntarenas.Paquera,Puntarenas,Puntarenas,Paquera,60105,337.7,8410.0,6686.0,5666.0
Puntarenas.Puntarenas.Manzanillo,Puntarenas,Puntarenas,Manzanillo,60106,60.31,3459.0,2811.0,3192.0
Puntarenas.Puntarenas.Guacimal,Puntarenas,Puntarenas,Guacimal,60107,114.49,1173.0,923.0,990.0
Puntarenas.Puntarenas.Barranca,Puntarenas,Puntarenas,Barranca,60108,36.07,39426.0,30650.0,33493.0
Puntarenas.Puntarenas.MonteVerde,Puntarenas,Puntarenas,MonteVerde,60109,53.05,4943.0,4155.0,3285.0
Puntarenas.Puntarenas.IsladelCoco,Puntarenas,Puntarenas,IsladelCoco,60110,23.52,,,
Puntarenas.Puntarenas.Cóbano,Puntarenas,Puntarenas,Cóbano,60111,317.06,9736.0,7494.0,4576.0
Puntarenas.Puntarenas.Chacarita,Puntarenas,Puntarenas,Chacarita,60112,4.92,21244.0,17434.0,23163.0
Puntarenas.Puntarenas.Chira,Puntarenas,Puntarenas,Chira,60113,41.71,1714.0,1576.0,1534.0
Puntarenas.Puntarenas.Acapulco,Puntarenas,Puntarenas,Acapulco,60114,111.2,1560.0,1296.0,2130.0
Puntarenas.Puntarenas.ElRoble,Puntarenas,Puntarenas,ElRoble,60115,7.94,21240.0,15759.0,
Puntarenas.Puntarenas.Arancibia,Puntarenas,Puntarenas,Arancibia,60116,45.04,784.0,665.0,
Puntarenas.Esparza.EspírituSanto,Puntarenas,Esparza,EspírituSanto,60201,18.95,22181.0,15686.0,15842.0
Puntarenas.Esparza.SanJuanGrande,Puntarenas,Esparza,SanJuanGrande,60202,18.7,8915.0,6171.0,3437.0
Puntarenas.Esparza.Macacona,Puntarenas,Esparza,Macacona,60203,33.51,5482.0,4742.0,2776.0
Puntarenas.Esparza.SanRafael,Puntarenas,Esparza,SanRafael,60204,34.35,1725.0,1294.0,1135.0
Puntarenas.Esparza.SanJerónimo,Puntarenas,Esparza,SanJerónimo,60205,49.95,941.0,751.0,773.0
Puntarenas.Esparza.Caldera,Puntarenas,Esparza,Caldera,60206,62.01,,,
Puntarenas.BuenosAires.BuenosAires,Puntarenas,BuenosAires,BuenosAires,60301,555.37,29454.0,21063.0,16843.0
Puntarenas.BuenosAires.Volcán,Puntarenas,BuenosAires,Volcán,60302,187.56,3690.0,3815.0,6471.0
Puntarenas.BuenosAires.PotreroGrande,Puntarenas,BuenosAires,PotreroGrande,60303,626.4,6494.0,5956.0,5162.0
Puntarenas.BuenosAires.Boruca,Puntarenas,BuenosAires,Boruca,60304,125.02,3289.0,3074.0,2870.0
Puntarenas.BuenosAires.Pilas,Puntarenas,BuenosAires,Pilas,60305,114.81,1749.0,1659.0,1575.0
Puntarenas.BuenosAires.Colinas,Puntarenas,BuenosAires,Colinas,60306,129.07,1391.0,1371.0,1435.0
Puntarenas.BuenosAires.Chánguena,Puntarenas,BuenosAires,Chánguena,60307,273.2,2929.0,2631.0,2715.0
Puntarenas.BuenosAires.Biolley,Puntarenas,BuenosAires,Biolley,60308,208.71,2589.0,2455.0,3068.0
Puntarenas.BuenosAires.Brunka,Puntarenas,BuenosAires,Brunka,60309,162.96,3197.0,3220.0,
Puntarenas.MontesdeOro.Miramar,Puntarenas,MontesdeOro,Miramar,60401,110.64,9027.0,8298.0,6842.0
Puntarenas.MontesdeOro.LaUnión,Puntarenas,MontesdeOro,LaUnión,60402,78.33,1513.0,1249.0,1464.0
Puntarenas.MontesdeOro.SanIsidro,Puntarenas,MontesdeOro,SanIsidro,60403,57.87,4047.0,3403.0,2853.0
Puntarenas.Osa.PuertoCortés,Puntarenas,Osa,PuertoCortés,60501,230.98,8844.0,7969.0,6295.0
Puntarenas.Osa.Palmar,Puntarenas,Osa,Palmar,60502,250.72,9716.0,9815.0,9906.0
Puntarenas.Osa.Sierpe,Puntarenas,Osa,Sierpe,60503,631.15,3645.0,4205.0,4124.0
Puntarenas.Osa.BahíaBallena,Puntarenas,Osa,BahíaBallena,60504,160.39,3487.0,3306.0,1990.0
Puntarenas.Osa.PiedrasBlancas,Puntarenas,Osa,PiedrasBlancas,60505,263.27,4529.0,4138.0,3546.0
Puntarenas.Osa.BahíaDrake,Puntarenas,Osa,BahíaDrake,60506,393.39,1162.0,,
Puntarenas.Quepos.Quepos,Puntarenas,Quepos,Quepos,60601,235.81,25665.0,19858.0,14925.0
Puntarenas.Quepos.Savegre,Puntarenas,Quepos,Savegre,60602,216.07,4116.0,3326.0,2787.0
Puntarenas.Quepos.Naranjito,Puntarenas,Quepos,Naranjito,60603,104.68,4239.0,3677.0,2476.0
Puntarenas.Golfito.Golfito,Puntarenas,Golfito,Golfito,60701,357.32,11867.0,11284.0,10915.0
Puntarenas.Golfito.PuertoJiménez,Puntarenas,Golfito,PuertoJiménez,60702,722.56,12836.0,8789.0,6102.0
Puntarenas.Golfito.Guaycará,Puntarenas,Golfito,Guaycará,60703,323.11,14120.0,12918.0,11456.0
Puntarenas.Golfito.Pavón,Puntarenas,Golfito,Pavón,60704,353.26,7700.0,6159.0,5350.0
Puntarenas.CotoBrus.SanVito,Puntarenas,CotoBrus,SanVito,60801,74.88,16629.0,14834.0,15531.0
Puntarenas.CotoBrus.Sabalito,Puntarenas,CotoBrus,Sabalito,60802,186.82,13202.0,10984.0,11084.0
Puntarenas.CotoBrus.Aguabuena,Puntarenas,CotoBrus,Aguabuena,60803,63.75,7050.0,6286.0,6962.0
Puntarenas.CotoBrus.Limoncito,Puntarenas,CotoBrus,Limoncito,60804,124.04,4152.0,3591.0,3448.0
Puntarenas.CotoBrus.Pittier,Puntarenas,CotoBrus,Pittier,60805,255.23,3247.0,2758.0,3057.0
Puntarenas.CotoBrus.GutiérrezBraun,Puntarenas,CotoBrus,GutiérrezBraun,60806,238.38,,,
Puntarenas.Parrita.Parrita,Puntarenas,Parrita,Parrita,60901,480.44,20984.0,16115.0,12112.0
Puntarenas.Corredores.Corredor,Puntarenas,Corredores,Corredor,61001,276.37,20050.0,17250.0,16718.0
Puntarenas.Corredores.LaCuesta,Puntarenas,Corredores,LaCuesta,61002,37.06,5333.0,3906.0,3623.0
Puntarenas.Corredores.Canoas,Puntarenas,Corredores,Canoas,61003,122.54,15929.0,11527.0,8464.0
Puntarenas.Corredores.Laurel,Puntarenas,Corredores,Laurel,61004,188.38,12172.0,9148.0,8469.0
Puntarenas.Garabito.Jacó,Puntarenas,Garabito,Jacó,61101,141.11,18613.0,11685.0,6371.0
Puntarenas.Garabito.Tárcoles,Puntarenas,Garabito,Tárcoles,61102,172.87,8791.0,5544.0,4007.0
Limón.Limón.Limón,Limón,Limón,Limón,70101,59.51,60710.0,61072.0,60298.0
Limón.Limón.ValleLaEstrella,Limón,Limón,ValleLaEstrella,70102,1238.66,20818.0,17908.0,16907.0
Limón.Limón.RíoBlanco,Limón,Limón,RíoBlanco,70103,131.29,10257.0,8307.0,6318.0
Limón.Limón.Matama,Limón,Limón,Matama,70104,339.13,8451.0,7128.0,6410.0
Limón.Pococí.Guápiles,Limón,Pococí,Guápiles,70201,222.63,39611.0,36469.0,27368.0
Limón.Pococí.Jiménez,Limón,Pococí,Jiménez,70202,109.44,13052.0,10501.0,6644.0
Limón.Pococí.Rita,Limón,Pococí,Rita,70203,502.39,29241.0,24041.0,21841.0
Limón.Pococí.Roxana,Limón,Pococí,Roxana,70204,175.67,20342.0,16790.0,15706.0
Limón.Pococí.Cariari,Limón,Pococí,Cariari,70205,200.96,40278.0,34176.0,28080.0
Limón.Pococí.Colorado,Limón,Pococí,Colorado,70206,1158.91,5040.0,3985.0,3482.0
Limón.Pococí.LaColonia,Limón,Pococí,LaColonia,70207,39.1,7110.0,,
Limón.Siquirres.Siquirres,Limón,Siquirres,Siquirres,70301,373.27,34576.0,31637.0,31358.0
Limón.Siquirres.Pacuarito,Limón,Siquirres,Pacuarito,70302,219.43,10804.0,8756.0,8707.0
Limón.Siquirres.Florida,Limón,Siquirres,Florida,70303,82.76,2656.0,2184.0,1964.0
Limón.Siquirres.Germania,Limón,Siquirres,Germania,70304,33.98,3062.0,2471.0,2425.0
Limón.Siquirres.ElCairo,Limón,Siquirres,ElCairo,70305,107.2,7628.0,6082.0,4355.0
Limón.Siquirres.Alegría,Limón,Siquirres,Alegría,70306,37.73,6947.0,5656.0,3600.0
Limón.Siquirres.Reventazón,Limón,Siquirres,Reventazón,70307,,,,
Limón.Talamanca.Bratsi,Limón,Talamanca,Bratsi,70401,180.44,10590.0,7318.0,10292.0
Limón.Talamanca.Sixaola,Limón,Talamanca,Sixaola,70402,169.32,11847.0,8861.0,10234.0
Limón.Talamanca.Cahuita,Limón,Talamanca,Cahuita,70403,234.6,13656.0,8293.0,5331.0
Limón.Talamanca.Telire,Limón,Talamanca,Telire,70404,2229.73,8709.0,6240.0,
Limón.Matina.Matina,Limón,Matina,Matina,70501,351.75,10437.0,9142.0,8729.0
Limón.Matina.Batán,Limón,Matina,Batán,70502,213.69,20814.0,16532.0,14546.0
Limón.Matina.Carrandi,Limón,Matina,Carrandi,70503,205.99,16140.0,12047.0,9821.0
Limón.Guácimo.Guácimo,Limón,Guácimo,Guácimo,70601,223.27,26152.0,18326.0,13950.0
Limón.Guácimo.Mercedes,Limón,Guácimo,Mercedes,70602,90.43,2357.0,1707.0,1673.0
Limón.Guácimo.Pocora,Limón,Guácimo,Pocora,70603,72.7,8494.0,6432.0,5750.0
Limón.Guácimo.RíoJiménez,Limón,Guácimo,RíoJiménez,70604,113.59,11836.0,8742.0,7906.0
Limón.Guácimo.Duacarí,Limón,Guácimo,Duacarí,70605,81.36,8182.0,6059.0,5600.0
